<SafetyLogicRegionDatabase xmlns="http://www.sensis.com/safety" xmlns:regions="http://www.sensis.com/geographic/2D" xmlns:xsi="http://www.w3.org/2001/XMLSchema-instance" xsi:schemaLocation="http://www.sensis.com/safety SafetyLogicRegionDatabase.xsd">
	<Region>
		<SubjectSuppressionRegion>
			<regions:RegionUid>1</regions:RegionUid>
			<regions:PolygonUid>1</regions:PolygonUid>
			<regions:MinAltitude>0.0</regions:MinAltitude>
			<regions:MaxAltitude>100.0</regions:MaxAltitude>
		</SubjectSuppressionRegion>
	</Region>
	<Region>
		<SubjectSuppressionRegion>
			<regions:RegionUid>2</regions:RegionUid>
			<regions:PolygonUid>2</regions:PolygonUid>
			<regions:MinAltitude>0.0</regions:MinAltitude>
			<regions:MaxAltitude>100.0</regions:MaxAltitude>
		</SubjectSuppressionRegion>
	</Region>
</SafetyLogicRegionDatabase>