<UniquePolygonDatabase xmlns="http://www.sensis.com/geographic/2D" xmlns:xsi="http://www.w3.org/2001/XMLSchema-instance" xsi:schemaLocation="http://www.sensis.com/geographic/2D UniquePolygons.xsd">
	<UniquePolygon>
		<Point>
			<x>-966.5</x>
			<y>-668.5</y>
		</Point>
		<Point>
			<x>-852.0</x>
			<y>-664.5</y>
		</Point>
		<Point>
			<x>-853.0</x>
			<y>-641.3</y>
		</Point>
		<Point>
			<x>-949.3</x>
			<y>-638.2</y>
		</Point>
		<PolygonUid>1</PolygonUid>
	</UniquePolygon>
	<UniquePolygon>
		<Point>
			<x>-329.1</x>
			<y>-665.0</y>
		</Point>
		<Point>
			<x>-168.3</x>
			<y>-668.0</y>
		</Point>
		<Point>
			<x>-169.8</x>
			<y>-639.2</y>
		</Point>
		<Point>
			<x>-328.6</x>
			<y>-641.3</y>
		</Point>
		<PolygonUid>2</PolygonUid>
	</UniquePolygon>
</UniquePolygonDatabase>