<!--File Generated 08/28/07 12:31 PM by MATLAB tool "create_airport_cfg.m" for site: ATL-->
<RunwayConfigList xmlns="java:gov.faa.asdex.chi.safety" xmlns:xsi="http://www.w3.org/2001/XMLSchema-instance" xsi:noNamespaceSchemaLocation="airport_cfg.xsd" version="1.1" EnableSurfaceClosureRestrictions="false">
	<!--ASDE-X Airport Config File with Tower Configurations-->
	<RunwayConfig id="1" name="EAST">
		<PositionConfig id="1" name="LC1" namecode="LC1">
			<SurfaceID id="0"/>
			<SurfaceID id="1"/>
		</PositionConfig>
		<PositionConfig id="2" name="LC2" namecode="LC2">
			<SurfaceID id="0"/>
			<SurfaceID id="1"/>
		</PositionConfig>
		<PositionConfig id="3" name="LC3" namecode="LC3">
			<SurfaceID id="2"/>
			<SurfaceID id="3"/>
			<SurfaceID id="4"/>
		</PositionConfig>
		<PositionConfig id="4" name="LC4" namecode="LC4">
			<SurfaceID id="2"/>
			<SurfaceID id="3"/>
			<SurfaceID id="4"/>
		</PositionConfig>
		<PositionConfig id="5" name="LC5" namecode="LC5">
			<SurfaceID id="2"/>
			<SurfaceID id="3"/>
			<SurfaceID id="4"/>
		</PositionConfig>
		<PositionConfig id="6" name="GCN" namecode="GCN">
			<SurfaceID id="0"/>
			<SurfaceID id="1"/>
		</PositionConfig>
		<PositionConfig id="7" name="GCC" namecode="GCC">
			<SurfaceID id="2"/>
			<SurfaceID id="3"/>
			<SurfaceID id="4"/>
		</PositionConfig>
		<PositionConfig id="8" name="TMU" namecode="TMU">
			<SurfaceID id="0"/>
			<SurfaceID id="1"/>
			<SurfaceID id="2"/>
			<SurfaceID id="3"/>
			<SurfaceID id="4"/>
		</PositionConfig>
		<PositionConfig id="9" name="GCS" namecode="GCS">
			<SurfaceID id="2"/>
			<SurfaceID id="3"/>
			<SurfaceID id="4"/>
		</PositionConfig>
		<DisplayConfig id="1">
			<Position name="TMU"/>
		</DisplayConfig>
		<DisplayConfig id="2">
			<Position name="TMU"/>
		</DisplayConfig>
		<DisplayConfig id="3">
			<Position name="LC1"/>
		</DisplayConfig>
		<DisplayConfig id="4">
			<Position name="LC2"/>
		</DisplayConfig>
		<DisplayConfig id="5">
			<Position name="GCC"/>
		</DisplayConfig>
		<DisplayConfig id="6">
			<Position name="LC4"/>
		</DisplayConfig>
		<DisplayConfig id="7">
			<Position name="GCN"/>
		</DisplayConfig>
		<DisplayConfig id="8">
			<Position name="LC5"/>
		</DisplayConfig>
		<DisplayConfig id="9">
			<Position name="LC3"/>
		</DisplayConfig>
		<DisplayConfig id="10">
			<Position name="TMU"/>
		</DisplayConfig>
		<DisplayConfig id="11">
			<Position name="GCS"/>
		</DisplayConfig>
		<DisplayConfig id="16">
			<Position name="TMU"/>
		</DisplayConfig>
	</RunwayConfig>
	<RunwayConfig id="2" name="EAST*">
		<PositionConfig id="1" name="LC1" namecode="LC1">
			<SurfaceID id="0"/>
			<SurfaceID id="1"/>
		</PositionConfig>
		<PositionConfig id="2" name="LC2" namecode="LC2">
			<SurfaceID id="0"/>
			<SurfaceID id="1"/>
		</PositionConfig>
		<PositionConfig id="3" name="LC3" namecode="LC3">
			<SurfaceID id="2"/>
			<SurfaceID id="3"/>
			<SurfaceID id="4"/>
		</PositionConfig>
		<PositionConfig id="4" name="LC4" namecode="LC4">
			<SurfaceID id="2"/>
			<SurfaceID id="3"/>
			<SurfaceID id="4"/>
		</PositionConfig>
		<PositionConfig id="5" name="LC5" namecode="LC5">
			<SurfaceID id="2"/>
			<SurfaceID id="3"/>
			<SurfaceID id="4"/>
		</PositionConfig>
		<PositionConfig id="6" name="GCN" namecode="GCN">
			<SurfaceID id="0"/>
			<SurfaceID id="1"/>
		</PositionConfig>
		<PositionConfig id="7" name="GCC" namecode="GCC">
			<SurfaceID id="2"/>
			<SurfaceID id="3"/>
			<SurfaceID id="4"/>
		</PositionConfig>
		<PositionConfig id="8" name="TMU" namecode="TMU">
			<SurfaceID id="0"/>
			<SurfaceID id="1"/>
			<SurfaceID id="2"/>
			<SurfaceID id="3"/>
			<SurfaceID id="4"/>
		</PositionConfig>
		<PositionConfig id="9" name="GCS" namecode="GCS">
			<SurfaceID id="2"/>
			<SurfaceID id="3"/>
			<SurfaceID id="4"/>
		</PositionConfig>
		<DisplayConfig id="1">
			<Position name="TMU"/>
		</DisplayConfig>
		<DisplayConfig id="2">
			<Position name="TMU"/>
		</DisplayConfig>
		<DisplayConfig id="3">
			<Position name="LC1"/>
		</DisplayConfig>
		<DisplayConfig id="4">
			<Position name="LC2"/>
		</DisplayConfig>
		<DisplayConfig id="5">
			<Position name="GCC"/>
		</DisplayConfig>
		<DisplayConfig id="6">
			<Position name="LC4"/>
		</DisplayConfig>
		<DisplayConfig id="7">
			<Position name="GCN"/>
		</DisplayConfig>
		<DisplayConfig id="8">
			<Position name="LC5"/>
		</DisplayConfig>
		<DisplayConfig id="9">
			<Position name="LC3"/>
		</DisplayConfig>
		<DisplayConfig id="10">
			<Position name="TMU"/>
		</DisplayConfig>
		<DisplayConfig id="11">
			<Position name="GCS"/>
		</DisplayConfig>
		<DisplayConfig id="16">
			<Position name="TMU"/>
		</DisplayConfig>
	</RunwayConfig>
	<RunwayConfig id="3" name="WEST">
		<PositionConfig id="1" name="LC1" namecode="LC1">
			<SurfaceID id="0"/>
			<SurfaceID id="1"/>
		</PositionConfig>
		<PositionConfig id="2" name="LC2" namecode="LC2">
			<SurfaceID id="0"/>
			<SurfaceID id="1"/>
		</PositionConfig>
		<PositionConfig id="3" name="LC3" namecode="LC3">
			<SurfaceID id="2"/>
			<SurfaceID id="3"/>
			<SurfaceID id="4"/>
		</PositionConfig>
		<PositionConfig id="4" name="LC4" namecode="LC4">
			<SurfaceID id="2"/>
			<SurfaceID id="3"/>
			<SurfaceID id="4"/>
		</PositionConfig>
		<PositionConfig id="5" name="LC5" namecode="LC5">
			<SurfaceID id="2"/>
			<SurfaceID id="3"/>
			<SurfaceID id="4"/>
		</PositionConfig>
		<PositionConfig id="6" name="GCN" namecode="GCN">
			<SurfaceID id="0"/>
			<SurfaceID id="1"/>
		</PositionConfig>
		<PositionConfig id="7" name="GCC" namecode="GCC">
			<SurfaceID id="2"/>
			<SurfaceID id="3"/>
			<SurfaceID id="4"/>
		</PositionConfig>
		<PositionConfig id="8" name="TMU" namecode="TMU">
			<SurfaceID id="0"/>
			<SurfaceID id="1"/>
			<SurfaceID id="2"/>
			<SurfaceID id="3"/>
			<SurfaceID id="4"/>
		</PositionConfig>
		<PositionConfig id="9" name="GCS" namecode="GCS">
			<SurfaceID id="2"/>
			<SurfaceID id="3"/>
			<SurfaceID id="4"/>
		</PositionConfig>
		<DisplayConfig id="1">
			<Position name="TMU"/>
		</DisplayConfig>
		<DisplayConfig id="2">
			<Position name="TMU"/>
		</DisplayConfig>
		<DisplayConfig id="3">
			<Position name="LC1"/>
		</DisplayConfig>
		<DisplayConfig id="4">
			<Position name="LC2"/>
		</DisplayConfig>
		<DisplayConfig id="5">
			<Position name="GCC"/>
		</DisplayConfig>
		<DisplayConfig id="6">
			<Position name="LC4"/>
		</DisplayConfig>
		<DisplayConfig id="7">
			<Position name="GCN"/>
		</DisplayConfig>
		<DisplayConfig id="8">
			<Position name="LC5"/>
		</DisplayConfig>
		<DisplayConfig id="9">
			<Position name="LC3"/>
		</DisplayConfig>
		<DisplayConfig id="10">
			<Position name="TMU"/>
		</DisplayConfig>
		<DisplayConfig id="11">
			<Position name="GCS"/>
		</DisplayConfig>
		<DisplayConfig id="16">
			<Position name="TMU"/>
		</DisplayConfig>
	</RunwayConfig>
	<RunwayConfig id="4" name="WEST*">
		<PositionConfig id="1" name="LC1" namecode="LC1">
			<SurfaceID id="0"/>
			<SurfaceID id="1"/>
		</PositionConfig>
		<PositionConfig id="2" name="LC2" namecode="LC2">
			<SurfaceID id="0"/>
			<SurfaceID id="1"/>
		</PositionConfig>
		<PositionConfig id="3" name="LC3" namecode="LC3">
			<SurfaceID id="2"/>
			<SurfaceID id="3"/>
			<SurfaceID id="4"/>
		</PositionConfig>
		<PositionConfig id="4" name="LC4" namecode="LC4">
			<SurfaceID id="2"/>
			<SurfaceID id="3"/>
			<SurfaceID id="4"/>
		</PositionConfig>
		<PositionConfig id="5" name="LC5" namecode="LC5">
			<SurfaceID id="2"/>
			<SurfaceID id="3"/>
			<SurfaceID id="4"/>
		</PositionConfig>
		<PositionConfig id="6" name="GCN" namecode="GCN">
			<SurfaceID id="0"/>
			<SurfaceID id="1"/>
		</PositionConfig>
		<PositionConfig id="7" name="GCC" namecode="GCC">
			<SurfaceID id="2"/>
			<SurfaceID id="3"/>
			<SurfaceID id="4"/>
		</PositionConfig>
		<PositionConfig id="8" name="TMU" namecode="TMU">
			<SurfaceID id="0"/>
			<SurfaceID id="1"/>
			<SurfaceID id="2"/>
			<SurfaceID id="3"/>
			<SurfaceID id="4"/>
		</PositionConfig>
		<PositionConfig id="9" name="GCS" namecode="GCS">
			<SurfaceID id="2"/>
			<SurfaceID id="3"/>
			<SurfaceID id="4"/>
		</PositionConfig>
		<DisplayConfig id="1">
			<Position name="TMU"/>
		</DisplayConfig>
		<DisplayConfig id="2">
			<Position name="TMU"/>
		</DisplayConfig>
		<DisplayConfig id="3">
			<Position name="LC1"/>
		</DisplayConfig>
		<DisplayConfig id="4">
			<Position name="LC2"/>
		</DisplayConfig>
		<DisplayConfig id="5">
			<Position name="GCC"/>
		</DisplayConfig>
		<DisplayConfig id="6">
			<Position name="LC4"/>
		</DisplayConfig>
		<DisplayConfig id="7">
			<Position name="GCN"/>
		</DisplayConfig>
		<DisplayConfig id="8">
			<Position name="LC5"/>
		</DisplayConfig>
		<DisplayConfig id="9">
			<Position name="LC3"/>
		</DisplayConfig>
		<DisplayConfig id="10">
			<Position name="TMU"/>
		</DisplayConfig>
		<DisplayConfig id="11">
			<Position name="GCS"/>
		</DisplayConfig>
		<DisplayConfig id="16">
			<Position name="TMU"/>
		</DisplayConfig>
	</RunwayConfig>
	<RunwayConfig id="5" name="E-MID">
		<PositionConfig id="1" name="LC1" namecode="LC1">
			<SurfaceID id="0"/>
			<SurfaceID id="1"/>
			<SurfaceID id="2"/>
			<SurfaceID id="3"/>
			<SurfaceID id="4"/>
		</PositionConfig>
		<PositionConfig id="2" name="LC2" namecode="LC2">
			<SurfaceID id="0"/>
			<SurfaceID id="1"/>
			<SurfaceID id="2"/>
			<SurfaceID id="3"/>
			<SurfaceID id="4"/>
		</PositionConfig>
		<PositionConfig id="3" name="LC3" namecode="LC3">
			<SurfaceID id="0"/>
			<SurfaceID id="1"/>
			<SurfaceID id="2"/>
			<SurfaceID id="3"/>
			<SurfaceID id="4"/>
		</PositionConfig>
		<PositionConfig id="4" name="LC4" namecode="LC4">
			<SurfaceID id="0"/>
			<SurfaceID id="1"/>
			<SurfaceID id="2"/>
			<SurfaceID id="3"/>
			<SurfaceID id="4"/>
		</PositionConfig>
		<PositionConfig id="5" name="LC5" namecode="LC5">
			<SurfaceID id="0"/>
			<SurfaceID id="1"/>
			<SurfaceID id="2"/>
			<SurfaceID id="3"/>
			<SurfaceID id="4"/>
		</PositionConfig>
		<PositionConfig id="6" name="GCN" namecode="GCN">
			<SurfaceID id="0"/>
			<SurfaceID id="1"/>
			<SurfaceID id="2"/>
			<SurfaceID id="3"/>
			<SurfaceID id="4"/>
		</PositionConfig>
		<PositionConfig id="7" name="GCC" namecode="GCC">
			<SurfaceID id="0"/>
			<SurfaceID id="1"/>
			<SurfaceID id="2"/>
			<SurfaceID id="3"/>
			<SurfaceID id="4"/>
		</PositionConfig>
		<PositionConfig id="8" name="TMU" namecode="TMU">
			<SurfaceID id="0"/>
			<SurfaceID id="1"/>
			<SurfaceID id="2"/>
			<SurfaceID id="3"/>
			<SurfaceID id="4"/>
		</PositionConfig>
		<PositionConfig id="9" name="GCS" namecode="GCS">
			<SurfaceID id="0"/>
			<SurfaceID id="1"/>
			<SurfaceID id="2"/>
			<SurfaceID id="3"/>
			<SurfaceID id="4"/>
		</PositionConfig>
		<DisplayConfig id="1">
			<Position name="TMU"/>
		</DisplayConfig>
		<DisplayConfig id="2">
			<Position name="TMU"/>
		</DisplayConfig>
		<DisplayConfig id="3">
			<Position name="LC1"/>
		</DisplayConfig>
		<DisplayConfig id="4">
			<Position name="LC2"/>
		</DisplayConfig>
		<DisplayConfig id="5">
			<Position name="GCC"/>
		</DisplayConfig>
		<DisplayConfig id="6">
			<Position name="LC4"/>
		</DisplayConfig>
		<DisplayConfig id="7">
			<Position name="GCN"/>
		</DisplayConfig>
		<DisplayConfig id="8">
			<Position name="LC5"/>
		</DisplayConfig>
		<DisplayConfig id="9">
			<Position name="LC3"/>
		</DisplayConfig>
		<DisplayConfig id="10">
			<Position name="TMU"/>
		</DisplayConfig>
		<DisplayConfig id="11">
			<Position name="GCS"/>
		</DisplayConfig>
		<DisplayConfig id="16">
			<Position name="TMU"/>
		</DisplayConfig>
	</RunwayConfig>
	<RunwayConfig id="6" name="E-MID*">
		<PositionConfig id="1" name="LC1" namecode="LC1">
			<SurfaceID id="0"/>
			<SurfaceID id="1"/>
			<SurfaceID id="2"/>
			<SurfaceID id="3"/>
			<SurfaceID id="4"/>
		</PositionConfig>
		<PositionConfig id="2" name="LC2" namecode="LC2">
			<SurfaceID id="0"/>
			<SurfaceID id="1"/>
			<SurfaceID id="2"/>
			<SurfaceID id="3"/>
			<SurfaceID id="4"/>
		</PositionConfig>
		<PositionConfig id="3" name="LC3" namecode="LC3">
			<SurfaceID id="0"/>
			<SurfaceID id="1"/>
			<SurfaceID id="2"/>
			<SurfaceID id="3"/>
			<SurfaceID id="4"/>
		</PositionConfig>
		<PositionConfig id="4" name="LC4" namecode="LC4">
			<SurfaceID id="0"/>
			<SurfaceID id="1"/>
			<SurfaceID id="2"/>
			<SurfaceID id="3"/>
			<SurfaceID id="4"/>
		</PositionConfig>
		<PositionConfig id="5" name="LC5" namecode="LC5">
			<SurfaceID id="0"/>
			<SurfaceID id="1"/>
			<SurfaceID id="2"/>
			<SurfaceID id="3"/>
			<SurfaceID id="4"/>
		</PositionConfig>
		<PositionConfig id="6" name="GCN" namecode="GCN">
			<SurfaceID id="0"/>
			<SurfaceID id="1"/>
			<SurfaceID id="2"/>
			<SurfaceID id="3"/>
			<SurfaceID id="4"/>
		</PositionConfig>
		<PositionConfig id="7" name="GCC" namecode="GCC">
			<SurfaceID id="0"/>
			<SurfaceID id="1"/>
			<SurfaceID id="2"/>
			<SurfaceID id="3"/>
			<SurfaceID id="4"/>
		</PositionConfig>
		<PositionConfig id="8" name="TMU" namecode="TMU">
			<SurfaceID id="0"/>
			<SurfaceID id="1"/>
			<SurfaceID id="2"/>
			<SurfaceID id="3"/>
			<SurfaceID id="4"/>
		</PositionConfig>
		<PositionConfig id="9" name="GCS" namecode="GCS">
			<SurfaceID id="0"/>
			<SurfaceID id="1"/>
			<SurfaceID id="2"/>
			<SurfaceID id="3"/>
			<SurfaceID id="4"/>
		</PositionConfig>
		<DisplayConfig id="1">
			<Position name="TMU"/>
		</DisplayConfig>
		<DisplayConfig id="2">
			<Position name="TMU"/>
		</DisplayConfig>
		<DisplayConfig id="3">
			<Position name="LC1"/>
		</DisplayConfig>
		<DisplayConfig id="4">
			<Position name="LC2"/>
		</DisplayConfig>
		<DisplayConfig id="5">
			<Position name="GCC"/>
		</DisplayConfig>
		<DisplayConfig id="6">
			<Position name="LC4"/>
		</DisplayConfig>
		<DisplayConfig id="7">
			<Position name="GCN"/>
		</DisplayConfig>
		<DisplayConfig id="8">
			<Position name="LC5"/>
		</DisplayConfig>
		<DisplayConfig id="9">
			<Position name="LC3"/>
		</DisplayConfig>
		<DisplayConfig id="10">
			<Position name="TMU"/>
		</DisplayConfig>
		<DisplayConfig id="11">
			<Position name="GCS"/>
		</DisplayConfig>
		<DisplayConfig id="16">
			<Position name="TMU"/>
		</DisplayConfig>
	</RunwayConfig>
	<RunwayConfig id="7" name="W-MID">
		<PositionConfig id="1" name="LC1" namecode="LC1">
			<SurfaceID id="0"/>
			<SurfaceID id="1"/>
			<SurfaceID id="2"/>
			<SurfaceID id="3"/>
			<SurfaceID id="4"/>
		</PositionConfig>
		<PositionConfig id="2" name="LC2" namecode="LC2">
			<SurfaceID id="0"/>
			<SurfaceID id="1"/>
			<SurfaceID id="2"/>
			<SurfaceID id="3"/>
			<SurfaceID id="4"/>
		</PositionConfig>
		<PositionConfig id="3" name="LC3" namecode="LC3">
			<SurfaceID id="0"/>
			<SurfaceID id="1"/>
			<SurfaceID id="2"/>
			<SurfaceID id="3"/>
			<SurfaceID id="4"/>
		</PositionConfig>
		<PositionConfig id="4" name="LC4" namecode="LC4">
			<SurfaceID id="0"/>
			<SurfaceID id="1"/>
			<SurfaceID id="2"/>
			<SurfaceID id="3"/>
			<SurfaceID id="4"/>
		</PositionConfig>
		<PositionConfig id="5" name="LC5" namecode="LC5">
			<SurfaceID id="0"/>
			<SurfaceID id="1"/>
			<SurfaceID id="2"/>
			<SurfaceID id="3"/>
			<SurfaceID id="4"/>
		</PositionConfig>
		<PositionConfig id="6" name="GCN" namecode="GCN">
			<SurfaceID id="0"/>
			<SurfaceID id="1"/>
			<SurfaceID id="2"/>
			<SurfaceID id="3"/>
			<SurfaceID id="4"/>
		</PositionConfig>
		<PositionConfig id="7" name="GCC" namecode="GCC">
			<SurfaceID id="0"/>
			<SurfaceID id="1"/>
			<SurfaceID id="2"/>
			<SurfaceID id="3"/>
			<SurfaceID id="4"/>
		</PositionConfig>
		<PositionConfig id="8" name="TMU" namecode="TMU">
			<SurfaceID id="0"/>
			<SurfaceID id="1"/>
			<SurfaceID id="2"/>
			<SurfaceID id="3"/>
			<SurfaceID id="4"/>
		</PositionConfig>
		<PositionConfig id="9" name="GCS" namecode="GCS">
			<SurfaceID id="0"/>
			<SurfaceID id="1"/>
			<SurfaceID id="2"/>
			<SurfaceID id="3"/>
			<SurfaceID id="4"/>
		</PositionConfig>
		<DisplayConfig id="1">
			<Position name="TMU"/>
		</DisplayConfig>
		<DisplayConfig id="2">
			<Position name="TMU"/>
		</DisplayConfig>
		<DisplayConfig id="3">
			<Position name="LC1"/>
		</DisplayConfig>
		<DisplayConfig id="4">
			<Position name="LC2"/>
		</DisplayConfig>
		<DisplayConfig id="5">
			<Position name="GCC"/>
		</DisplayConfig>
		<DisplayConfig id="6">
			<Position name="LC4"/>
		</DisplayConfig>
		<DisplayConfig id="7">
			<Position name="GCN"/>
		</DisplayConfig>
		<DisplayConfig id="8">
			<Position name="LC5"/>
		</DisplayConfig>
		<DisplayConfig id="9">
			<Position name="LC3"/>
		</DisplayConfig>
		<DisplayConfig id="10">
			<Position name="TMU"/>
		</DisplayConfig>
		<DisplayConfig id="11">
			<Position name="GCS"/>
		</DisplayConfig>
		<DisplayConfig id="16">
			<Position name="TMU"/>
		</DisplayConfig>
	</RunwayConfig>
	<RunwayConfig id="8" name="W-MID*">
		<PositionConfig id="1" name="LC1" namecode="LC1">
			<SurfaceID id="0"/>
			<SurfaceID id="1"/>
			<SurfaceID id="2"/>
			<SurfaceID id="3"/>
			<SurfaceID id="4"/>
		</PositionConfig>
		<PositionConfig id="2" name="LC2" namecode="LC2">
			<SurfaceID id="0"/>
			<SurfaceID id="1"/>
			<SurfaceID id="2"/>
			<SurfaceID id="3"/>
			<SurfaceID id="4"/>
		</PositionConfig>
		<PositionConfig id="3" name="LC3" namecode="LC3">
			<SurfaceID id="0"/>
			<SurfaceID id="1"/>
			<SurfaceID id="2"/>
			<SurfaceID id="3"/>
			<SurfaceID id="4"/>
		</PositionConfig>
		<PositionConfig id="4" name="LC4" namecode="LC4">
			<SurfaceID id="0"/>
			<SurfaceID id="1"/>
			<SurfaceID id="2"/>
			<SurfaceID id="3"/>
			<SurfaceID id="4"/>
		</PositionConfig>
		<PositionConfig id="5" name="LC5" namecode="LC5">
			<SurfaceID id="0"/>
			<SurfaceID id="1"/>
			<SurfaceID id="2"/>
			<SurfaceID id="3"/>
			<SurfaceID id="4"/>
		</PositionConfig>
		<PositionConfig id="6" name="GCN" namecode="GCN">
			<SurfaceID id="0"/>
			<SurfaceID id="1"/>
			<SurfaceID id="2"/>
			<SurfaceID id="3"/>
			<SurfaceID id="4"/>
		</PositionConfig>
		<PositionConfig id="7" name="GCC" namecode="GCC">
			<SurfaceID id="0"/>
			<SurfaceID id="1"/>
			<SurfaceID id="2"/>
			<SurfaceID id="3"/>
			<SurfaceID id="4"/>
		</PositionConfig>
		<PositionConfig id="8" name="TMU" namecode="TMU">
			<SurfaceID id="0"/>
			<SurfaceID id="1"/>
			<SurfaceID id="2"/>
			<SurfaceID id="3"/>
			<SurfaceID id="4"/>
		</PositionConfig>
		<PositionConfig id="9" name="GCS" namecode="GCS">
			<SurfaceID id="0"/>
			<SurfaceID id="1"/>
			<SurfaceID id="2"/>
			<SurfaceID id="3"/>
			<SurfaceID id="4"/>
		</PositionConfig>
		<DisplayConfig id="1">
			<Position name="TMU"/>
		</DisplayConfig>
		<DisplayConfig id="2">
			<Position name="TMU"/>
		</DisplayConfig>
		<DisplayConfig id="3">
			<Position name="LC1"/>
		</DisplayConfig>
		<DisplayConfig id="4">
			<Position name="LC2"/>
		</DisplayConfig>
		<DisplayConfig id="5">
			<Position name="GCC"/>
		</DisplayConfig>
		<DisplayConfig id="6">
			<Position name="LC4"/>
		</DisplayConfig>
		<DisplayConfig id="7">
			<Position name="GCN"/>
		</DisplayConfig>
		<DisplayConfig id="8">
			<Position name="LC5"/>
		</DisplayConfig>
		<DisplayConfig id="9">
			<Position name="LC3"/>
		</DisplayConfig>
		<DisplayConfig id="10">
			<Position name="TMU"/>
		</DisplayConfig>
		<DisplayConfig id="11">
			<Position name="GCS"/>
		</DisplayConfig>
		<DisplayConfig id="16">
			<Position name="TMU"/>
		</DisplayConfig>
	</RunwayConfig>
	<RunwayConfig id="9" name="LIMITED">
		<PositionConfig id="1" name="LC1" namecode="LC1">
			<SurfaceID id="0"/>
			<SurfaceID id="1"/>
			<SurfaceID id="2"/>
			<SurfaceID id="3"/>
			<SurfaceID id="4"/>
		</PositionConfig>
		<PositionConfig id="2" name="LC2" namecode="LC2">
			<SurfaceID id="0"/>
			<SurfaceID id="1"/>
			<SurfaceID id="2"/>
			<SurfaceID id="3"/>
			<SurfaceID id="4"/>
		</PositionConfig>
		<PositionConfig id="3" name="LC3" namecode="LC3">
			<SurfaceID id="0"/>
			<SurfaceID id="1"/>
			<SurfaceID id="2"/>
			<SurfaceID id="3"/>
			<SurfaceID id="4"/>
		</PositionConfig>
		<PositionConfig id="4" name="LC4" namecode="LC4">
			<SurfaceID id="0"/>
			<SurfaceID id="1"/>
			<SurfaceID id="2"/>
			<SurfaceID id="3"/>
			<SurfaceID id="4"/>
		</PositionConfig>
		<PositionConfig id="5" name="LC5" namecode="LC5">
			<SurfaceID id="0"/>
			<SurfaceID id="1"/>
			<SurfaceID id="2"/>
			<SurfaceID id="3"/>
			<SurfaceID id="4"/>
		</PositionConfig>
		<PositionConfig id="6" name="GCN" namecode="GCN">
			<SurfaceID id="0"/>
			<SurfaceID id="1"/>
			<SurfaceID id="2"/>
			<SurfaceID id="3"/>
			<SurfaceID id="4"/>
		</PositionConfig>
		<PositionConfig id="7" name="GCC" namecode="GCC">
			<SurfaceID id="0"/>
			<SurfaceID id="1"/>
			<SurfaceID id="2"/>
			<SurfaceID id="3"/>
			<SurfaceID id="4"/>
		</PositionConfig>
		<PositionConfig id="8" name="TMU" namecode="TMU">
			<SurfaceID id="0"/>
			<SurfaceID id="1"/>
			<SurfaceID id="2"/>
			<SurfaceID id="3"/>
			<SurfaceID id="4"/>
		</PositionConfig>
		<PositionConfig id="9" name="GCS" namecode="GCS">
			<SurfaceID id="0"/>
			<SurfaceID id="1"/>
			<SurfaceID id="2"/>
			<SurfaceID id="3"/>
			<SurfaceID id="4"/>
		</PositionConfig>
		<DisplayConfig id="1">
			<Position name="TMU"/>
		</DisplayConfig>
		<DisplayConfig id="2">
			<Position name="TMU"/>
		</DisplayConfig>
		<DisplayConfig id="3">
			<Position name="LC1"/>
		</DisplayConfig>
		<DisplayConfig id="4">
			<Position name="LC2"/>
		</DisplayConfig>
		<DisplayConfig id="5">
			<Position name="GCC"/>
		</DisplayConfig>
		<DisplayConfig id="6">
			<Position name="LC4"/>
		</DisplayConfig>
		<DisplayConfig id="7">
			<Position name="GCN"/>
		</DisplayConfig>
		<DisplayConfig id="8">
			<Position name="LC5"/>
		</DisplayConfig>
		<DisplayConfig id="9">
			<Position name="LC3"/>
		</DisplayConfig>
		<DisplayConfig id="10">
			<Position name="TMU"/>
		</DisplayConfig>
		<DisplayConfig id="11">
			<Position name="GCS"/>
		</DisplayConfig>
		<DisplayConfig id="16">
			<Position name="TMU"/>
		</DisplayConfig>
	</RunwayConfig>
</RunwayConfigList>
