<!--Original File Generated 10/30/12 9:38 AM by MATLAB tool "create_sl_geo_parameters_CO7.m"-->
<SafetyLogicGeographicParameters xmlns:xsi="http://www.w3.org/2001/XMLSchema-instance" xmlns="java:gov.faa.asdex.chi.safety" xmlns:graphics="java:com.raytheon.atc.chi.graphics.geom2d" xsi:schemaLocation="java:gov.faa.asdex.chi.safety sl_geo_parameters.xsd" version="1" airport="atl" unit="m">
	<HoldVelocityProfileList>
		<HoldVelocityProfile id="Off" index="0">
			<HVP_Point distance="-300.0" velocity="0.0"/>
			<HVP_Point distance="0.0" velocity="0.0"/>
		</HoldVelocityProfile>
		<HoldVelocityProfile id="AC_TAXI_NOM_100" index="1">
			<HVP_Point distance="-53.3" velocity="0.0"/>
			<HVP_Point distance="-73.3" velocity="7.7"/>
			<HVP_Point distance="-93.3" velocity="11.0"/>
			<HVP_Point distance="-113.3" velocity="13.4"/>
			<HVP_Point distance="-133.3" velocity="15.5"/>
			<HVP_Point distance="-250.0" velocity="24.3"/>
			<HVP_Point distance="-750.0" velocity="45.7"/>
		</HoldVelocityProfile>
		<HoldVelocityProfile id="AC_TAXI_NOM_150" index="2">
			<HVP_Point distance="-61.0" velocity="0.0"/>
			<HVP_Point distance="-81.0" velocity="7.7"/>
			<HVP_Point distance="-101.0" velocity="11.0"/>
			<HVP_Point distance="-121.0" velocity="13.4"/>
			<HVP_Point distance="-141.0" velocity="15.5"/>
			<HVP_Point distance="-250.0" velocity="23.8"/>
			<HVP_Point distance="-750.0" velocity="45.5"/>
		</HoldVelocityProfile>
		<HoldVelocityProfile id="AC_TAXI_NOM_200" index="3">
			<HVP_Point distance="-68.6" velocity="0.0"/>
			<HVP_Point distance="-88.6" velocity="7.7"/>
			<HVP_Point distance="-108.6" velocity="11.0"/>
			<HVP_Point distance="-128.6" velocity="13.4"/>
			<HVP_Point distance="-148.6" velocity="15.5"/>
			<HVP_Point distance="-250.0" velocity="23.3"/>
			<HVP_Point distance="-750.0" velocity="45.2"/>
		</HoldVelocityProfile>
		<HoldVelocityProfile id="AC_TAXI_AGG_100" index="4">
			<HVP_Point distance="-53.3" velocity="0.0"/>
			<HVP_Point distance="-73.3" velocity="10.0"/>
			<HVP_Point distance="-93.3" velocity="14.1"/>
			<HVP_Point distance="-113.3" velocity="17.3"/>
			<HVP_Point distance="-133.3" velocity="20.0"/>
			<HVP_Point distance="-250.0" velocity="31.4"/>
			<HVP_Point distance="-750.0" velocity="59.0"/>
		</HoldVelocityProfile>
		<HoldVelocityProfile id="AC_TAXI_AGG_150" index="5">
			<HVP_Point distance="-61.0" velocity="0.0"/>
			<HVP_Point distance="-81.0" velocity="10.0"/>
			<HVP_Point distance="-101.0" velocity="14.1"/>
			<HVP_Point distance="-121.0" velocity="17.3"/>
			<HVP_Point distance="-141.0" velocity="20.0"/>
			<HVP_Point distance="-250.0" velocity="30.7"/>
			<HVP_Point distance="-750.0" velocity="58.7"/>
		</HoldVelocityProfile>
		<HoldVelocityProfile id="AC_TAXI_AGG_200" index="6">
			<HVP_Point distance="-68.6" velocity="0.0"/>
			<HVP_Point distance="-88.6" velocity="10.0"/>
			<HVP_Point distance="-108.6" velocity="14.1"/>
			<HVP_Point distance="-128.6" velocity="17.3"/>
			<HVP_Point distance="-148.6" velocity="20.0"/>
			<HVP_Point distance="-250.0" velocity="30.1"/>
			<HVP_Point distance="-750.0" velocity="58.4"/>
		</HoldVelocityProfile>
		<HoldVelocityProfile id="VEH_TAXI_NOM_100" index="7">
			<HVP_Point distance="-30.5" velocity="0.0"/>
			<HVP_Point distance="-50.5" velocity="10.0"/>
			<HVP_Point distance="-70.5" velocity="14.1"/>
			<HVP_Point distance="-90.5" velocity="17.3"/>
			<HVP_Point distance="-110.5" velocity="20.0"/>
			<HVP_Point distance="-250.0" velocity="33.1"/>
			<HVP_Point distance="-750.0" velocity="60.0"/>
		</HoldVelocityProfile>
		<HoldVelocityProfile id="VEH_TAXI_NOM_150" index="8">
			<HVP_Point distance="-38.1" velocity="0.0"/>
			<HVP_Point distance="-58.1" velocity="10.0"/>
			<HVP_Point distance="-78.1" velocity="14.1"/>
			<HVP_Point distance="-98.1" velocity="17.3"/>
			<HVP_Point distance="-118.1" velocity="20.0"/>
			<HVP_Point distance="-250.0" velocity="32.5"/>
			<HVP_Point distance="-750.0" velocity="59.7"/>
		</HoldVelocityProfile>
		<HoldVelocityProfile id="VEH_TAXI_NOM_200" index="9">
			<HVP_Point distance="-45.7" velocity="0.0"/>
			<HVP_Point distance="-65.7" velocity="10.0"/>
			<HVP_Point distance="-85.7" velocity="14.1"/>
			<HVP_Point distance="-105.7" velocity="17.3"/>
			<HVP_Point distance="-125.7" velocity="20.0"/>
			<HVP_Point distance="-250.0" velocity="32.0"/>
			<HVP_Point distance="-750.0" velocity="59.3"/>
		</HoldVelocityProfile>
		<HoldVelocityProfile id="VEH_TAXI_AGG_100" index="10">
			<HVP_Point distance="-30.5" velocity="0.0"/>
			<HVP_Point distance="-50.5" velocity="11.8"/>
			<HVP_Point distance="-70.5" velocity="16.7"/>
			<HVP_Point distance="-90.5" velocity="20.5"/>
			<HVP_Point distance="-110.5" velocity="23.7"/>
			<HVP_Point distance="-250.0" velocity="39.2"/>
			<HVP_Point distance="-750.0" velocity="71.0"/>
		</HoldVelocityProfile>
		<HoldVelocityProfile id="VEH_TAXI_AGG_150" index="11">
			<HVP_Point distance="-38.1" velocity="0.0"/>
			<HVP_Point distance="-58.1" velocity="11.8"/>
			<HVP_Point distance="-78.1" velocity="16.7"/>
			<HVP_Point distance="-98.1" velocity="20.5"/>
			<HVP_Point distance="-118.1" velocity="23.7"/>
			<HVP_Point distance="-250.0" velocity="38.5"/>
			<HVP_Point distance="-750.0" velocity="70.6"/>
		</HoldVelocityProfile>
		<HoldVelocityProfile id="VEH_TAXI_AGG_200" index="12">
			<HVP_Point distance="-45.7" velocity="0.0"/>
			<HVP_Point distance="-65.7" velocity="11.8"/>
			<HVP_Point distance="-85.7" velocity="16.7"/>
			<HVP_Point distance="-105.7" velocity="20.5"/>
			<HVP_Point distance="-125.7" velocity="23.7"/>
			<HVP_Point distance="-250.0" velocity="37.8"/>
			<HVP_Point distance="-750.0" velocity="70.2"/>
		</HoldVelocityProfile>
		<HoldVelocityProfile id="AC_OPER_EASY" index="13">
			<HVP_Point distance="-68.6" velocity="0.0"/>
			<HVP_Point distance="-88.6" velocity="7.7"/>
			<HVP_Point distance="-108.6" velocity="11.0"/>
			<HVP_Point distance="-128.6" velocity="13.4"/>
			<HVP_Point distance="-148.6" velocity="15.5"/>
			<HVP_Point distance="-325.0" velocity="27.7"/>
			<HVP_Point distance="-750.0" velocity="45.2"/>
			<HVP_Point distance="-1500.0" velocity="65.5"/>
			<HVP_Point distance="-3000.0" velocity="93.8"/>
		</HoldVelocityProfile>
		<HoldVelocityProfile id="AC_OPER_NOM" index="14">
			<HVP_Point distance="-68.6" velocity="0.0"/>
			<HVP_Point distance="-88.6" velocity="10.0"/>
			<HVP_Point distance="-108.6" velocity="14.1"/>
			<HVP_Point distance="-128.6" velocity="17.3"/>
			<HVP_Point distance="-148.6" velocity="20.0"/>
			<HVP_Point distance="-325.0" velocity="35.8"/>
			<HVP_Point distance="-750.0" velocity="58.4"/>
			<HVP_Point distance="-1500.0" velocity="84.6"/>
			<HVP_Point distance="-3000.0" velocity="121.1"/>
		</HoldVelocityProfile>
		<HoldVelocityProfile id="AC_OPER_AGG" index="15">
			<HVP_Point distance="-68.6" velocity="0.0"/>
			<HVP_Point distance="-88.6" velocity="11.8"/>
			<HVP_Point distance="-108.6" velocity="16.7"/>
			<HVP_Point distance="-128.6" velocity="20.5"/>
			<HVP_Point distance="-148.6" velocity="23.7"/>
			<HVP_Point distance="-325.0" velocity="42.4"/>
			<HVP_Point distance="-750.0" velocity="69.1"/>
			<HVP_Point distance="-1500.0" velocity="100.1"/>
			<HVP_Point distance="-3000.0" velocity="143.2"/>
		</HoldVelocityProfile>
		<HoldVelocityProfile id="LAHSOP_VEH_NOM" index="16">
			<HVP_Point distance="-10.0" velocity="0.0"/>
			<HVP_Point distance="-30.0" velocity="10.0"/>
			<HVP_Point distance="-50.0" velocity="14.1"/>
			<HVP_Point distance="-70.0" velocity="17.3"/>
			<HVP_Point distance="-90.0" velocity="20.0"/>
			<HVP_Point distance="-250.0" velocity="34.6"/>
			<HVP_Point distance="-750.0" velocity="60.8"/>
		</HoldVelocityProfile>
		<HoldVelocityProfile id="LAHSOP_VEH_AGG" index="17">
			<HVP_Point distance="-10.0" velocity="0.0"/>
			<HVP_Point distance="-30.0" velocity="11.8"/>
			<HVP_Point distance="-50.0" velocity="16.7"/>
			<HVP_Point distance="-70.0" velocity="20.5"/>
			<HVP_Point distance="-90.0" velocity="23.7"/>
			<HVP_Point distance="-250.0" velocity="41.0"/>
			<HVP_Point distance="-750.0" velocity="72.0"/>
		</HoldVelocityProfile>
		<HoldVelocityProfile id="AC_LAHSOP_EASY" index="18">
			<HVP_Point distance="-10.0" velocity="0.0"/>
			<HVP_Point distance="-30.0" velocity="7.7"/>
			<HVP_Point distance="-50.0" velocity="11.0"/>
			<HVP_Point distance="-70.0" velocity="13.4"/>
			<HVP_Point distance="-90.0" velocity="15.5"/>
			<HVP_Point distance="-325.0" velocity="30.7"/>
			<HVP_Point distance="-750.0" velocity="47.1"/>
			<HVP_Point distance="-1500.0" velocity="66.9"/>
			<HVP_Point distance="-3000.0" velocity="94.7"/>
		</HoldVelocityProfile>
		<HoldVelocityProfile id="AC_LAHSOP_NOM" index="19">
			<HVP_Point distance="-10.0" velocity="0.0"/>
			<HVP_Point distance="-30.0" velocity="10.0"/>
			<HVP_Point distance="-50.0" velocity="14.1"/>
			<HVP_Point distance="-70.0" velocity="17.3"/>
			<HVP_Point distance="-90.0" velocity="20.0"/>
			<HVP_Point distance="-325.0" velocity="39.7"/>
			<HVP_Point distance="-750.0" velocity="60.8"/>
			<HVP_Point distance="-1500.0" velocity="86.3"/>
			<HVP_Point distance="-3000.0" velocity="122.3"/>
		</HoldVelocityProfile>
		<HoldVelocityProfile id="AC_LAHSOP_AGG" index="20">
			<HVP_Point distance="-10.0" velocity="0.0"/>
			<HVP_Point distance="-30.0" velocity="11.8"/>
			<HVP_Point distance="-50.0" velocity="16.7"/>
			<HVP_Point distance="-70.0" velocity="20.5"/>
			<HVP_Point distance="-90.0" velocity="23.7"/>
			<HVP_Point distance="-325.0" velocity="47.0"/>
			<HVP_Point distance="-750.0" velocity="72.0"/>
			<HVP_Point distance="-1500.0" velocity="102.1"/>
			<HVP_Point distance="-3000.0" velocity="144.7"/>
		</HoldVelocityProfile>
		<HoldVelocityProfile id="54m_90d" index="21">
			<HVP_Point distance="-200.0" velocity="100.0"/>
			<HVP_Point distance="-54.0" velocity="30.0"/>
			<HVP_Point distance="-53.0" velocity="5.4"/>
			<HVP_Point distance="-34.0" velocity="3.0"/>
			<HVP_Point distance="-32.0" velocity="0.0"/>
		</HoldVelocityProfile>
		<HoldVelocityProfile id="54m_55d" index="22">
			<HVP_Point distance="-200.0" velocity="100.0"/>
			<HVP_Point distance="-66.0" velocity="30.0"/>
			<HVP_Point distance="-65.0" velocity="6.6"/>
			<HVP_Point distance="-42.0" velocity="3.8"/>
			<HVP_Point distance="-40.0" velocity="0.0"/>
		</HoldVelocityProfile>
		<HoldVelocityProfile id="54m_42d" index="23">
			<HVP_Point distance="-200.0" velocity="100.0"/>
			<HVP_Point distance="-81.0" velocity="30.0"/>
			<HVP_Point distance="-80.0" velocity="8.1"/>
			<HVP_Point distance="-50.0" velocity="4.3"/>
			<HVP_Point distance="-48.0" velocity="0.0"/>
		</HoldVelocityProfile>
		<HoldVelocityProfile id="54m_33d" index="24">
			<HVP_Point distance="-200.0" velocity="100.0"/>
			<HVP_Point distance="-99.0" velocity="30.0"/>
			<HVP_Point distance="-98.0" velocity="9.4"/>
			<HVP_Point distance="-62.0" velocity="5.5"/>
			<HVP_Point distance="-60.0" velocity="0.0"/>
		</HoldVelocityProfile>
		<HoldVelocityProfile id="54m_27d" index="25">
			<HVP_Point distance="-200.0" velocity="100.0"/>
			<HVP_Point distance="-119.0" velocity="30.0"/>
			<HVP_Point distance="-118.0" velocity="11.9"/>
			<HVP_Point distance="-74.0" velocity="6.5"/>
			<HVP_Point distance="-72.0" velocity="0.0"/>
		</HoldVelocityProfile>
		<HoldVelocityProfile id="54m_22d" index="26">
			<HVP_Point distance="-200.0" velocity="100.0"/>
			<HVP_Point distance="-144.0" velocity="30.0"/>
			<HVP_Point distance="-143.0" velocity="14.6"/>
			<HVP_Point distance="-90.0" velocity="8.0"/>
			<HVP_Point distance="-88.0" velocity="0.0"/>
		</HoldVelocityProfile>
		<HoldVelocityProfile id="AC_VEH_TAXI_RIP_90d" index="27">
			<HVP_Point distance="-400.0" velocity="100.0"/>
			<HVP_Point distance="-84.0" velocity="100.0"/>
			<HVP_Point distance="-83.0" velocity="5.4"/>
			<HVP_Point distance="-64.0" velocity="3.0"/>
			<HVP_Point distance="-62.0" velocity="0.0"/>
		</HoldVelocityProfile>
		<HoldVelocityProfile id="AC_VEH_TAXI_RIP_55d" index="28">
			<HVP_Point distance="-400.0" velocity="100.0"/>
			<HVP_Point distance="-102.0" velocity="100.0"/>
			<HVP_Point distance="-101.0" velocity="6.6"/>
			<HVP_Point distance="-77.0" velocity="3.8"/>
			<HVP_Point distance="-76.0" velocity="0.0"/>
		</HoldVelocityProfile>
		<HoldVelocityProfile id="AC_VEH_TAXI_RIP_42d" index="29">
			<HVP_Point distance="-400.0" velocity="100.0"/>
			<HVP_Point distance="-125.0" velocity="100.0"/>
			<HVP_Point distance="-124.0" velocity="8.1"/>
			<HVP_Point distance="-94.0" velocity="4.3"/>
			<HVP_Point distance="-93.0" velocity="0.0"/>
		</HoldVelocityProfile>
		<HoldVelocityProfile id="AC_VEH_TAXI_RIP_33d" index="30">
			<HVP_Point distance="-400.0" velocity="100.0"/>
			<HVP_Point distance="-153.0" velocity="100.0"/>
			<HVP_Point distance="-152.0" velocity="9.4"/>
			<HVP_Point distance="-115.0" velocity="5.5"/>
			<HVP_Point distance="-114.0" velocity="0.0"/>
		</HoldVelocityProfile>
		<HoldVelocityProfile id="AC_VEH_TAXI_RIP_27d" index="31">
			<HVP_Point distance="-400.0" velocity="100.0"/>
			<HVP_Point distance="-184.0" velocity="100.0"/>
			<HVP_Point distance="-183.0" velocity="11.9"/>
			<HVP_Point distance="-138.0" velocity="6.5"/>
			<HVP_Point distance="-137.0" velocity="0.0"/>
		</HoldVelocityProfile>
		<HoldVelocityProfile id="AC_VEH_TAXI_RIP_22d" index="32">
			<HVP_Point distance="-400.0" velocity="100.0"/>
			<HVP_Point distance="-223.0" velocity="100.0"/>
			<HVP_Point distance="-222.0" velocity="14.6"/>
			<HVP_Point distance="-167.0" velocity="8.0"/>
			<HVP_Point distance="-166.0" velocity="0.0"/>
		</HoldVelocityProfile>
		<HoldVelocityProfile id="54m_90d_AC" index="33">
			<HVP_Point distance="-200.0" velocity="100.0"/>
			<HVP_Point distance="-48.0" velocity="30.0"/>
			<HVP_Point distance="-46.0" velocity="4.6"/>
			<HVP_Point distance="-34.0" velocity="1.5"/>
			<HVP_Point distance="-32.0" velocity="0.0"/>
		</HoldVelocityProfile>
		<HoldVelocityProfile id="54m_55d_AC" index="34">
			<HVP_Point distance="-200.0" velocity="100.0"/>
			<HVP_Point distance="-58.0" velocity="30.0"/>
			<HVP_Point distance="-56.0" velocity="5.6"/>
			<HVP_Point distance="-42.0" velocity="1.8"/>
			<HVP_Point distance="-40.0" velocity="0.0"/>
		</HoldVelocityProfile>
		<HoldVelocityProfile id="54m_42d_AC" index="35">
			<HVP_Point distance="-200.0" velocity="100.0"/>
			<HVP_Point distance="-72.0" velocity="30.0"/>
			<HVP_Point distance="-70.0" velocity="6.9"/>
			<HVP_Point distance="-50.0" velocity="2.2"/>
			<HVP_Point distance="-48.0" velocity="0.0"/>
		</HoldVelocityProfile>
		<HoldVelocityProfile id="54m_33d_AC" index="36">
			<HVP_Point distance="-200.0" velocity="100.0"/>
			<HVP_Point distance="-88.0" velocity="30.0"/>
			<HVP_Point distance="-86.0" velocity="8.4"/>
			<HVP_Point distance="-62.0" velocity="2.8"/>
			<HVP_Point distance="-60.0" velocity="0.0"/>
		</HoldVelocityProfile>
		<HoldVelocityProfile id="54m_27d_AC" index="37">
			<HVP_Point distance="-200.0" velocity="100.0"/>
			<HVP_Point distance="-105.0" velocity="30.0"/>
			<HVP_Point distance="-103.0" velocity="10.1"/>
			<HVP_Point distance="-74.0" velocity="3.3"/>
			<HVP_Point distance="-72.0" velocity="0.0"/>
		</HoldVelocityProfile>
		<HoldVelocityProfile id="54m_22d_AC" index="38">
			<HVP_Point distance="-200.0" velocity="100.0"/>
			<HVP_Point distance="-128.0" velocity="30.0"/>
			<HVP_Point distance="-125.0" velocity="12.3"/>
			<HVP_Point distance="-90.0" velocity="4.0"/>
			<HVP_Point distance="-88.0" velocity="0.0"/>
		</HoldVelocityProfile>
		<HoldVelocityProfile id="54m_90d_AGG" index="39">
			<HVP_Point distance="-200.0" velocity="100.0"/>
			<HVP_Point distance="-54.0" velocity="30.0"/>
			<HVP_Point distance="-31.0" velocity="30.0"/>
			<HVP_Point distance="-30.0" velocity="0.0"/>
		</HoldVelocityProfile>
		<HoldVelocityProfile id="54m_55d_AGG" index="40">
			<HVP_Point distance="-200.0" velocity="100.0"/>
			<HVP_Point distance="-66.0" velocity="30.0"/>
			<HVP_Point distance="-38.0" velocity="30.0"/>
			<HVP_Point distance="-37.0" velocity="0.0"/>
		</HoldVelocityProfile>
		<HoldVelocityProfile id="54m_42d_AGG" index="41">
			<HVP_Point distance="-200.0" velocity="100.0"/>
			<HVP_Point distance="-81.0" velocity="30.0"/>
			<HVP_Point distance="-46.0" velocity="30.0"/>
			<HVP_Point distance="-45.0" velocity="0.0"/>
		</HoldVelocityProfile>
		<HoldVelocityProfile id="54m_33d_AGG" index="42">
			<HVP_Point distance="-200.0" velocity="100.0"/>
			<HVP_Point distance="-99.0" velocity="30.0"/>
			<HVP_Point distance="-56.0" velocity="30.0"/>
			<HVP_Point distance="-55.0" velocity="0.0"/>
		</HoldVelocityProfile>
		<HoldVelocityProfile id="54m_27d_AGG" index="43">
			<HVP_Point distance="-200.0" velocity="100.0"/>
			<HVP_Point distance="-119.0" velocity="30.0"/>
			<HVP_Point distance="-67.0" velocity="30.0"/>
			<HVP_Point distance="-66.0" velocity="0.0"/>
		</HoldVelocityProfile>
		<HoldVelocityProfile id="54m_22d_AGG" index="44">
			<HVP_Point distance="-200.0" velocity="100.0"/>
			<HVP_Point distance="-144.0" velocity="30.0"/>
			<HVP_Point distance="-81.0" velocity="30.0"/>
			<HVP_Point distance="-80.0" velocity="0.0"/>
		</HoldVelocityProfile>
		<HoldVelocityProfile id="CONST_RWY_TWY_90d" index="45">
			<HVP_Point distance="-200.0" velocity="300.0"/>
			<HVP_Point distance="-11.0" velocity="300.0"/>
			<HVP_Point distance="-10.0" velocity="0.0"/>
		</HoldVelocityProfile>
		<HoldVelocityProfile id="CONST_RWY_TWY_55d" index="46">
			<HVP_Point distance="-200.0" velocity="300.0"/>
			<HVP_Point distance="-13.0" velocity="300.0"/>
			<HVP_Point distance="-12.0" velocity="0.0"/>
		</HoldVelocityProfile>
		<HoldVelocityProfile id="CONST_RWY_TWY_42d" index="47">
			<HVP_Point distance="-200.0" velocity="300.0"/>
			<HVP_Point distance="-15.0" velocity="300.0"/>
			<HVP_Point distance="-14.0" velocity="0.0"/>
		</HoldVelocityProfile>
		<HoldVelocityProfile id="CONST_RWY_TWY_33d" index="48">
			<HVP_Point distance="-200.0" velocity="300.0"/>
			<HVP_Point distance="-19.0" velocity="300.0"/>
			<HVP_Point distance="-18.0" velocity="0.0"/>
		</HoldVelocityProfile>
		<HoldVelocityProfile id="CONST_RWY_TWY_27d" index="49">
			<HVP_Point distance="-200.0" velocity="300.0"/>
			<HVP_Point distance="-23.0" velocity="300.0"/>
			<HVP_Point distance="-22.0" velocity="0.0"/>
		</HoldVelocityProfile>
		<HoldVelocityProfile id="CONST_RWY_TWY_22d" index="50">
			<HVP_Point distance="-200.0" velocity="300.0"/>
			<HVP_Point distance="-27.0" velocity="300.0"/>
			<HVP_Point distance="-26.0" velocity="0.0"/>
		</HoldVelocityProfile>
		<HoldVelocityProfile id="CONST_RWY_150_90d" index="51">
			<HVP_Point distance="-200.0" velocity="300.0"/>
			<HVP_Point distance="-33.0" velocity="300.0"/>
			<HVP_Point distance="-32.0" velocity="0.0"/>
		</HoldVelocityProfile>
		<HoldVelocityProfile id="CONST_RWY_150_55d" index="52">
			<HVP_Point distance="-200.0" velocity="300.0"/>
			<HVP_Point distance="-41.0" velocity="300.0"/>
			<HVP_Point distance="-40.0" velocity="0.0"/>
		</HoldVelocityProfile>
		<HoldVelocityProfile id="CONST_RWY_150_42d" index="53">
			<HVP_Point distance="-200.0" velocity="300.0"/>
			<HVP_Point distance="-50.0" velocity="300.0"/>
			<HVP_Point distance="-49.0" velocity="0.0"/>
		</HoldVelocityProfile>
		<HoldVelocityProfile id="CONST_RWY_150_33d" index="54">
			<HVP_Point distance="-200.0" velocity="300.0"/>
			<HVP_Point distance="-61.0" velocity="300.0"/>
			<HVP_Point distance="-60.0" velocity="0.0"/>
		</HoldVelocityProfile>
		<HoldVelocityProfile id="CONST_RWY_150_27d" index="55">
			<HVP_Point distance="-200.0" velocity="300.0"/>
			<HVP_Point distance="-73.0" velocity="300.0"/>
			<HVP_Point distance="-72.0" velocity="0.0"/>
		</HoldVelocityProfile>
		<HoldVelocityProfile id="CONST_RWY_150_22d" index="56">
			<HVP_Point distance="-200.0" velocity="300.0"/>
			<HVP_Point distance="-88.0" velocity="300.0"/>
			<HVP_Point distance="-87.0" velocity="0.0"/>
		</HoldVelocityProfile>
		<HoldVelocityProfile id="CONST_RWY_200_90d" index="57">
			<HVP_Point distance="-200.0" velocity="300.0"/>
			<HVP_Point distance="-41.0" velocity="300.0"/>
			<HVP_Point distance="-40.0" velocity="0.0"/>
		</HoldVelocityProfile>
		<HoldVelocityProfile id="CONST_RWY_200_55d" index="58">
			<HVP_Point distance="-200.0" velocity="300.0"/>
			<HVP_Point distance="-50.0" velocity="300.0"/>
			<HVP_Point distance="-49.0" velocity="0.0"/>
		</HoldVelocityProfile>
		<HoldVelocityProfile id="CONST_RWY_200_42d" index="59">
			<HVP_Point distance="-200.0" velocity="300.0"/>
			<HVP_Point distance="-61.0" velocity="300.0"/>
			<HVP_Point distance="-60.0" velocity="0.0"/>
		</HoldVelocityProfile>
		<HoldVelocityProfile id="CONST_RWY_200_33d" index="60">
			<HVP_Point distance="-200.0" velocity="300.0"/>
			<HVP_Point distance="-75.0" velocity="300.0"/>
			<HVP_Point distance="-74.0" velocity="0.0"/>
		</HoldVelocityProfile>
		<HoldVelocityProfile id="CONST_RWY_200_27d" index="61">
			<HVP_Point distance="-200.0" velocity="300.0"/>
			<HVP_Point distance="-90.0" velocity="300.0"/>
			<HVP_Point distance="-89.0" velocity="0.0"/>
		</HoldVelocityProfile>
		<HoldVelocityProfile id="CONST_RWY_200_22d" index="62">
			<HVP_Point distance="-200.0" velocity="300.0"/>
			<HVP_Point distance="-109.0" velocity="300.0"/>
			<HVP_Point distance="-108.0" velocity="0.0"/>
		</HoldVelocityProfile>
		<HoldVelocityProfile id="ALL_FILTER" index="63">
			<HVP_Point distance="-0.1" velocity="500.0"/>
			<HVP_Point distance="0.0" velocity="0.0"/>
		</HoldVelocityProfile>
	</HoldVelocityProfileList>
	<AccessPoint_HVP_Map>
		<AccessPoint_HVP AccessPoint_id="0" HVP_id="54m_90d_AGG" HVP_sel_table="18">
			<HoldAreaEnable Aircraft="false" Vehicle="false" Unknown="false"/>
		</AccessPoint_HVP>
		<AccessPoint_HVP AccessPoint_id="1" HVP_id="54m_90d_AGG" HVP_sel_table="18">
			<HoldAreaEnable Aircraft="false" Vehicle="false" Unknown="false"/>
		</AccessPoint_HVP>
		<AccessPoint_HVP AccessPoint_id="2" HVP_id="54m_90d_AGG" HVP_sel_table="18">
			<HoldAreaEnable Aircraft="false" Vehicle="false" Unknown="false"/>
		</AccessPoint_HVP>
		<AccessPoint_HVP AccessPoint_id="3" HVP_id="54m_22d_AGG" HVP_sel_table="23">
			<HoldAreaEnable Aircraft="false" Vehicle="false" Unknown="false"/>
		</AccessPoint_HVP>
		<AccessPoint_HVP AccessPoint_id="4" HVP_id="54m_55d_AGG" HVP_sel_table="19">
			<HoldAreaEnable Aircraft="false" Vehicle="false" Unknown="false"/>
		</AccessPoint_HVP>
		<AccessPoint_HVP AccessPoint_id="5" HVP_id="54m_27d_AGG" HVP_sel_table="22">
			<HoldAreaEnable Aircraft="false" Vehicle="false" Unknown="false"/>
		</AccessPoint_HVP>
		<AccessPoint_HVP AccessPoint_id="6" HVP_id="54m_90d_AGG" HVP_sel_table="18">
			<HoldAreaEnable Aircraft="false" Vehicle="false" Unknown="false"/>
		</AccessPoint_HVP>
		<AccessPoint_HVP AccessPoint_id="7" HVP_id="54m_90d_AGG" HVP_sel_table="18">
			<HoldAreaEnable Aircraft="false" Vehicle="false" Unknown="false"/>
		</AccessPoint_HVP>
		<AccessPoint_HVP AccessPoint_id="8" HVP_id="54m_90d_AGG" HVP_sel_table="18">
			<HoldAreaEnable Aircraft="false" Vehicle="false" Unknown="false"/>
		</AccessPoint_HVP>
		<AccessPoint_HVP AccessPoint_id="9" HVP_id="54m_90d_AGG" HVP_sel_table="18">
			<HoldAreaEnable Aircraft="false" Vehicle="false" Unknown="false"/>
		</AccessPoint_HVP>
		<AccessPoint_HVP AccessPoint_id="10" HVP_id="54m_27d_AGG" HVP_sel_table="22">
			<HoldAreaEnable Aircraft="false" Vehicle="false" Unknown="false"/>
		</AccessPoint_HVP>
		<AccessPoint_HVP AccessPoint_id="11" HVP_id="54m_55d_AGG" HVP_sel_table="19">
			<HoldAreaEnable Aircraft="false" Vehicle="false" Unknown="false"/>
		</AccessPoint_HVP>
		<AccessPoint_HVP AccessPoint_id="12" HVP_id="54m_42d_AGG" HVP_sel_table="20">
			<HoldAreaEnable Aircraft="false" Vehicle="false" Unknown="false"/>
		</AccessPoint_HVP>
		<AccessPoint_HVP AccessPoint_id="13" HVP_id="54m_90d_AGG" HVP_sel_table="18">
			<HoldAreaEnable Aircraft="false" Vehicle="false" Unknown="false"/>
		</AccessPoint_HVP>
		<AccessPoint_HVP AccessPoint_id="14" HVP_id="54m_27d_AGG" HVP_sel_table="22">
			<HoldAreaEnable Aircraft="false" Vehicle="false" Unknown="false"/>
		</AccessPoint_HVP>
		<AccessPoint_HVP AccessPoint_id="15" HVP_id="54m_90d_AGG" HVP_sel_table="18">
			<HoldAreaEnable Aircraft="false" Vehicle="false" Unknown="false"/>
		</AccessPoint_HVP>
		<AccessPoint_HVP AccessPoint_id="16" HVP_id="54m_90d_AGG" HVP_sel_table="18">
			<HoldAreaEnable Aircraft="false" Vehicle="false" Unknown="false"/>
		</AccessPoint_HVP>
		<AccessPoint_HVP AccessPoint_id="17" HVP_id="54m_90d_AGG" HVP_sel_table="18">
			<HoldAreaEnable Aircraft="false" Vehicle="false" Unknown="false"/>
		</AccessPoint_HVP>
		<AccessPoint_HVP AccessPoint_id="18" HVP_id="54m_90d_AGG" HVP_sel_table="18">
			<HoldAreaEnable Aircraft="false" Vehicle="false" Unknown="false"/>
		</AccessPoint_HVP>
		<AccessPoint_HVP AccessPoint_id="19" HVP_id="54m_90d_AGG" HVP_sel_table="18">
			<HoldAreaEnable Aircraft="false" Vehicle="false" Unknown="false"/>
		</AccessPoint_HVP>
		<AccessPoint_HVP AccessPoint_id="20" HVP_id="54m_90d_AGG" HVP_sel_table="18">
			<HoldAreaEnable Aircraft="false" Vehicle="false" Unknown="false"/>
		</AccessPoint_HVP>
		<AccessPoint_HVP AccessPoint_id="21" HVP_id="54m_90d_AGG" HVP_sel_table="18">
			<HoldAreaEnable Aircraft="false" Vehicle="false" Unknown="false"/>
		</AccessPoint_HVP>
		<AccessPoint_HVP AccessPoint_id="22" HVP_id="54m_22d_AGG" HVP_sel_table="23">
			<HoldAreaEnable Aircraft="false" Vehicle="false" Unknown="false"/>
		</AccessPoint_HVP>
		<AccessPoint_HVP AccessPoint_id="23" HVP_id="54m_55d_AGG" HVP_sel_table="19">
			<HoldAreaEnable Aircraft="false" Vehicle="false" Unknown="false"/>
		</AccessPoint_HVP>
		<AccessPoint_HVP AccessPoint_id="24" HVP_id="54m_27d_AGG" HVP_sel_table="22">
			<HoldAreaEnable Aircraft="false" Vehicle="false" Unknown="false"/>
		</AccessPoint_HVP>
		<AccessPoint_HVP AccessPoint_id="25" HVP_id="54m_90d_AGG" HVP_sel_table="18">
			<HoldAreaEnable Aircraft="false" Vehicle="false" Unknown="false"/>
		</AccessPoint_HVP>
		<AccessPoint_HVP AccessPoint_id="26" HVP_id="54m_90d_AGG" HVP_sel_table="18">
			<HoldAreaEnable Aircraft="false" Vehicle="false" Unknown="false"/>
		</AccessPoint_HVP>
		<AccessPoint_HVP AccessPoint_id="27" HVP_id="54m_90d_AGG" HVP_sel_table="18">
			<HoldAreaEnable Aircraft="false" Vehicle="false" Unknown="false"/>
		</AccessPoint_HVP>
		<AccessPoint_HVP AccessPoint_id="28" HVP_id="54m_90d_AGG" HVP_sel_table="18">
			<HoldAreaEnable Aircraft="false" Vehicle="false" Unknown="false"/>
		</AccessPoint_HVP>
		<AccessPoint_HVP AccessPoint_id="29" HVP_id="54m_27d_AGG" HVP_sel_table="22">
			<HoldAreaEnable Aircraft="false" Vehicle="false" Unknown="false"/>
		</AccessPoint_HVP>
		<AccessPoint_HVP AccessPoint_id="30" HVP_id="54m_55d_AGG" HVP_sel_table="19">
			<HoldAreaEnable Aircraft="false" Vehicle="false" Unknown="false"/>
		</AccessPoint_HVP>
		<AccessPoint_HVP AccessPoint_id="31" HVP_id="54m_42d_AGG" HVP_sel_table="20">
			<HoldAreaEnable Aircraft="false" Vehicle="false" Unknown="false"/>
		</AccessPoint_HVP>
		<AccessPoint_HVP AccessPoint_id="32" HVP_id="54m_90d_AGG" HVP_sel_table="18">
			<HoldAreaEnable Aircraft="false" Vehicle="false" Unknown="false"/>
		</AccessPoint_HVP>
		<AccessPoint_HVP AccessPoint_id="33" HVP_id="54m_27d_AGG" HVP_sel_table="22">
			<HoldAreaEnable Aircraft="false" Vehicle="false" Unknown="false"/>
		</AccessPoint_HVP>
		<AccessPoint_HVP AccessPoint_id="34" HVP_id="54m_90d_AGG" HVP_sel_table="18">
			<HoldAreaEnable Aircraft="false" Vehicle="false" Unknown="false"/>
		</AccessPoint_HVP>
		<AccessPoint_HVP AccessPoint_id="35" HVP_id="54m_90d_AGG" HVP_sel_table="18">
			<HoldAreaEnable Aircraft="false" Vehicle="false" Unknown="false"/>
		</AccessPoint_HVP>
		<AccessPoint_HVP AccessPoint_id="36" HVP_id="54m_90d_AGG" HVP_sel_table="18">
			<HoldAreaEnable Aircraft="false" Vehicle="false" Unknown="false"/>
		</AccessPoint_HVP>
		<AccessPoint_HVP AccessPoint_id="37" HVP_id="54m_90d_AGG" HVP_sel_table="18">
			<HoldAreaEnable Aircraft="false" Vehicle="false" Unknown="false"/>
		</AccessPoint_HVP>
		<AccessPoint_HVP AccessPoint_id="38" HVP_id="54m_90d_AGG" HVP_sel_table="18">
			<HoldAreaEnable Aircraft="false" Vehicle="false" Unknown="false"/>
		</AccessPoint_HVP>
		<AccessPoint_HVP AccessPoint_id="39" HVP_id="54m_90d_AGG" HVP_sel_table="18">
			<HoldAreaEnable Aircraft="false" Vehicle="false" Unknown="false"/>
		</AccessPoint_HVP>
		<AccessPoint_HVP AccessPoint_id="40" HVP_id="54m_55d_AGG" HVP_sel_table="19">
			<HoldAreaEnable Aircraft="false" Vehicle="false" Unknown="false"/>
		</AccessPoint_HVP>
		<AccessPoint_HVP AccessPoint_id="41" HVP_id="54m_55d_AGG" HVP_sel_table="19">
			<HoldAreaEnable Aircraft="false" Vehicle="false" Unknown="false"/>
		</AccessPoint_HVP>
		<AccessPoint_HVP AccessPoint_id="42" HVP_id="54m_90d_AGG" HVP_sel_table="18">
			<HoldAreaEnable Aircraft="false" Vehicle="false" Unknown="false"/>
		</AccessPoint_HVP>
		<AccessPoint_HVP AccessPoint_id="43" HVP_id="54m_27d_AGG" HVP_sel_table="22">
			<HoldAreaEnable Aircraft="false" Vehicle="false" Unknown="false"/>
		</AccessPoint_HVP>
		<AccessPoint_HVP AccessPoint_id="44" HVP_id="54m_90d_AGG" HVP_sel_table="18">
			<HoldAreaEnable Aircraft="false" Vehicle="false" Unknown="false"/>
		</AccessPoint_HVP>
		<AccessPoint_HVP AccessPoint_id="45" HVP_id="54m_90d_AGG" HVP_sel_table="18">
			<HoldAreaEnable Aircraft="false" Vehicle="false" Unknown="false"/>
		</AccessPoint_HVP>
		<AccessPoint_HVP AccessPoint_id="46" HVP_id="54m_27d_AGG" HVP_sel_table="22">
			<HoldAreaEnable Aircraft="false" Vehicle="false" Unknown="false"/>
		</AccessPoint_HVP>
		<AccessPoint_HVP AccessPoint_id="47" HVP_id="54m_90d_AGG" HVP_sel_table="18">
			<HoldAreaEnable Aircraft="false" Vehicle="false" Unknown="false"/>
		</AccessPoint_HVP>
		<AccessPoint_HVP AccessPoint_id="48" HVP_id="54m_90d_AGG" HVP_sel_table="18">
			<HoldAreaEnable Aircraft="false" Vehicle="false" Unknown="false"/>
		</AccessPoint_HVP>
		<AccessPoint_HVP AccessPoint_id="49" HVP_id="54m_90d_AGG" HVP_sel_table="18">
			<HoldAreaEnable Aircraft="false" Vehicle="false" Unknown="false"/>
		</AccessPoint_HVP>
		<AccessPoint_HVP AccessPoint_id="50" HVP_id="54m_90d_AGG" HVP_sel_table="18">
			<HoldAreaEnable Aircraft="false" Vehicle="false" Unknown="false"/>
		</AccessPoint_HVP>
		<AccessPoint_HVP AccessPoint_id="51" HVP_id="54m_33d_AGG" HVP_sel_table="21">
			<HoldAreaEnable Aircraft="false" Vehicle="false" Unknown="false"/>
		</AccessPoint_HVP>
		<AccessPoint_HVP AccessPoint_id="52" HVP_id="54m_90d_AGG" HVP_sel_table="18">
			<HoldAreaEnable Aircraft="false" Vehicle="false" Unknown="false"/>
		</AccessPoint_HVP>
		<AccessPoint_HVP AccessPoint_id="53" HVP_id="54m_22d_AGG" HVP_sel_table="23">
			<HoldAreaEnable Aircraft="false" Vehicle="false" Unknown="false"/>
		</AccessPoint_HVP>
		<AccessPoint_HVP AccessPoint_id="54" HVP_id="54m_90d_AGG" HVP_sel_table="18">
			<HoldAreaEnable Aircraft="false" Vehicle="false" Unknown="false"/>
		</AccessPoint_HVP>
		<AccessPoint_HVP AccessPoint_id="55" HVP_id="54m_90d_AGG" HVP_sel_table="18">
			<HoldAreaEnable Aircraft="false" Vehicle="false" Unknown="false"/>
		</AccessPoint_HVP>
		<AccessPoint_HVP AccessPoint_id="56" HVP_id="54m_90d_AGG" HVP_sel_table="18">
			<HoldAreaEnable Aircraft="false" Vehicle="false" Unknown="false"/>
		</AccessPoint_HVP>
		<AccessPoint_HVP AccessPoint_id="57" HVP_id="54m_90d_AGG" HVP_sel_table="18">
			<HoldAreaEnable Aircraft="false" Vehicle="false" Unknown="false"/>
		</AccessPoint_HVP>
		<AccessPoint_HVP AccessPoint_id="58" HVP_id="54m_90d_AGG" HVP_sel_table="18">
			<HoldAreaEnable Aircraft="false" Vehicle="false" Unknown="false"/>
		</AccessPoint_HVP>
		<AccessPoint_HVP AccessPoint_id="59" HVP_id="54m_90d_AGG" HVP_sel_table="18">
			<HoldAreaEnable Aircraft="false" Vehicle="false" Unknown="false"/>
		</AccessPoint_HVP>
		<AccessPoint_HVP AccessPoint_id="60" HVP_id="54m_55d_AGG" HVP_sel_table="19">
			<HoldAreaEnable Aircraft="false" Vehicle="false" Unknown="false"/>
		</AccessPoint_HVP>
		<AccessPoint_HVP AccessPoint_id="61" HVP_id="54m_55d_AGG" HVP_sel_table="19">
			<HoldAreaEnable Aircraft="false" Vehicle="false" Unknown="false"/>
		</AccessPoint_HVP>
		<AccessPoint_HVP AccessPoint_id="62" HVP_id="54m_90d_AGG" HVP_sel_table="18">
			<HoldAreaEnable Aircraft="false" Vehicle="false" Unknown="false"/>
		</AccessPoint_HVP>
		<AccessPoint_HVP AccessPoint_id="63" HVP_id="54m_27d_AGG" HVP_sel_table="22">
			<HoldAreaEnable Aircraft="false" Vehicle="false" Unknown="false"/>
		</AccessPoint_HVP>
		<AccessPoint_HVP AccessPoint_id="64" HVP_id="54m_90d_AGG" HVP_sel_table="18">
			<HoldAreaEnable Aircraft="false" Vehicle="false" Unknown="false"/>
		</AccessPoint_HVP>
		<AccessPoint_HVP AccessPoint_id="65" HVP_id="54m_90d_AGG" HVP_sel_table="18">
			<HoldAreaEnable Aircraft="false" Vehicle="false" Unknown="false"/>
		</AccessPoint_HVP>
		<AccessPoint_HVP AccessPoint_id="66" HVP_id="54m_27d_AGG" HVP_sel_table="22">
			<HoldAreaEnable Aircraft="false" Vehicle="false" Unknown="false"/>
		</AccessPoint_HVP>
		<AccessPoint_HVP AccessPoint_id="67" HVP_id="54m_90d_AGG" HVP_sel_table="18">
			<HoldAreaEnable Aircraft="false" Vehicle="false" Unknown="false"/>
		</AccessPoint_HVP>
		<AccessPoint_HVP AccessPoint_id="68" HVP_id="54m_90d_AGG" HVP_sel_table="18">
			<HoldAreaEnable Aircraft="false" Vehicle="false" Unknown="false"/>
		</AccessPoint_HVP>
		<AccessPoint_HVP AccessPoint_id="69" HVP_id="54m_90d_AGG" HVP_sel_table="18">
			<HoldAreaEnable Aircraft="false" Vehicle="false" Unknown="false"/>
		</AccessPoint_HVP>
		<AccessPoint_HVP AccessPoint_id="70" HVP_id="54m_90d_AGG" HVP_sel_table="18">
			<HoldAreaEnable Aircraft="false" Vehicle="false" Unknown="false"/>
		</AccessPoint_HVP>
		<AccessPoint_HVP AccessPoint_id="71" HVP_id="54m_33d_AGG" HVP_sel_table="21">
			<HoldAreaEnable Aircraft="false" Vehicle="false" Unknown="false"/>
		</AccessPoint_HVP>
		<AccessPoint_HVP AccessPoint_id="72" HVP_id="54m_90d_AGG" HVP_sel_table="18">
			<HoldAreaEnable Aircraft="false" Vehicle="false" Unknown="false"/>
		</AccessPoint_HVP>
		<AccessPoint_HVP AccessPoint_id="73" HVP_id="54m_22d_AGG" HVP_sel_table="23">
			<HoldAreaEnable Aircraft="false" Vehicle="false" Unknown="false"/>
		</AccessPoint_HVP>
		<AccessPoint_HVP AccessPoint_id="74" HVP_id="54m_90d_AGG" HVP_sel_table="18">
			<HoldAreaEnable Aircraft="false" Vehicle="false" Unknown="false"/>
		</AccessPoint_HVP>
		<AccessPoint_HVP AccessPoint_id="75" HVP_id="54m_90d_AGG" HVP_sel_table="18">
			<HoldAreaEnable Aircraft="false" Vehicle="false" Unknown="false"/>
		</AccessPoint_HVP>
		<AccessPoint_HVP AccessPoint_id="76" HVP_id="54m_90d_AGG" HVP_sel_table="18">
			<HoldAreaEnable Aircraft="false" Vehicle="false" Unknown="false"/>
		</AccessPoint_HVP>
		<AccessPoint_HVP AccessPoint_id="77" HVP_id="54m_90d_AGG" HVP_sel_table="18">
			<HoldAreaEnable Aircraft="false" Vehicle="false" Unknown="false"/>
		</AccessPoint_HVP>
		<AccessPoint_HVP AccessPoint_id="78" HVP_id="54m_90d_AGG" HVP_sel_table="18">
			<HoldAreaEnable Aircraft="false" Vehicle="false" Unknown="false"/>
		</AccessPoint_HVP>
		<AccessPoint_HVP AccessPoint_id="79" HVP_id="54m_90d_AGG" HVP_sel_table="18">
			<HoldAreaEnable Aircraft="false" Vehicle="false" Unknown="false"/>
		</AccessPoint_HVP>
		<AccessPoint_HVP AccessPoint_id="80" HVP_id="54m_90d_AGG" HVP_sel_table="18">
			<HoldAreaEnable Aircraft="false" Vehicle="false" Unknown="false"/>
		</AccessPoint_HVP>
		<AccessPoint_HVP AccessPoint_id="81" HVP_id="54m_90d_AGG" HVP_sel_table="18">
			<HoldAreaEnable Aircraft="false" Vehicle="false" Unknown="false"/>
		</AccessPoint_HVP>
		<AccessPoint_HVP AccessPoint_id="82" HVP_id="54m_90d_AGG" HVP_sel_table="18">
			<HoldAreaEnable Aircraft="false" Vehicle="false" Unknown="false"/>
		</AccessPoint_HVP>
		<AccessPoint_HVP AccessPoint_id="83" HVP_id="54m_90d_AGG" HVP_sel_table="18">
			<HoldAreaEnable Aircraft="false" Vehicle="false" Unknown="false"/>
		</AccessPoint_HVP>
		<AccessPoint_HVP AccessPoint_id="84" HVP_id="54m_90d_AGG" HVP_sel_table="18">
			<HoldAreaEnable Aircraft="false" Vehicle="false" Unknown="false"/>
		</AccessPoint_HVP>
		<AccessPoint_HVP AccessPoint_id="85" HVP_id="54m_90d_AGG" HVP_sel_table="18">
			<HoldAreaEnable Aircraft="false" Vehicle="false" Unknown="false"/>
		</AccessPoint_HVP>
		<AccessPoint_HVP AccessPoint_id="86" HVP_id="54m_90d_AGG" HVP_sel_table="18">
			<HoldAreaEnable Aircraft="false" Vehicle="false" Unknown="false"/>
		</AccessPoint_HVP>
		<AccessPoint_HVP AccessPoint_id="87" HVP_id="54m_27d_AGG" HVP_sel_table="22">
			<HoldAreaEnable Aircraft="false" Vehicle="false" Unknown="false"/>
		</AccessPoint_HVP>
		<AccessPoint_HVP AccessPoint_id="88" HVP_id="54m_90d_AGG" HVP_sel_table="18">
			<HoldAreaEnable Aircraft="false" Vehicle="false" Unknown="false"/>
		</AccessPoint_HVP>
		<AccessPoint_HVP AccessPoint_id="89" HVP_id="54m_90d_AGG" HVP_sel_table="18">
			<HoldAreaEnable Aircraft="false" Vehicle="false" Unknown="false"/>
		</AccessPoint_HVP>
		<AccessPoint_HVP AccessPoint_id="90" HVP_id="54m_22d_AGG" HVP_sel_table="23">
			<HoldAreaEnable Aircraft="false" Vehicle="false" Unknown="false"/>
		</AccessPoint_HVP>
		<AccessPoint_HVP AccessPoint_id="91" HVP_id="54m_90d_AGG" HVP_sel_table="18">
			<HoldAreaEnable Aircraft="false" Vehicle="false" Unknown="false"/>
		</AccessPoint_HVP>
		<AccessPoint_HVP AccessPoint_id="92" HVP_id="54m_55d_AGG" HVP_sel_table="19">
			<HoldAreaEnable Aircraft="false" Vehicle="false" Unknown="false"/>
		</AccessPoint_HVP>
		<AccessPoint_HVP AccessPoint_id="93" HVP_id="54m_90d_AGG" HVP_sel_table="18">
			<HoldAreaEnable Aircraft="false" Vehicle="false" Unknown="false"/>
		</AccessPoint_HVP>
		<AccessPoint_HVP AccessPoint_id="94" HVP_id="54m_55d_AGG" HVP_sel_table="19">
			<HoldAreaEnable Aircraft="false" Vehicle="false" Unknown="false"/>
		</AccessPoint_HVP>
		<AccessPoint_HVP AccessPoint_id="95" HVP_id="54m_55d_AGG" HVP_sel_table="19">
			<HoldAreaEnable Aircraft="false" Vehicle="false" Unknown="false"/>
		</AccessPoint_HVP>
		<AccessPoint_HVP AccessPoint_id="96" HVP_id="54m_55d_AGG" HVP_sel_table="19">
			<HoldAreaEnable Aircraft="false" Vehicle="false" Unknown="false"/>
		</AccessPoint_HVP>
		<AccessPoint_HVP AccessPoint_id="97" HVP_id="54m_90d_AGG" HVP_sel_table="18">
			<HoldAreaEnable Aircraft="false" Vehicle="false" Unknown="false"/>
		</AccessPoint_HVP>
		<AccessPoint_HVP AccessPoint_id="98" HVP_id="54m_90d_AGG" HVP_sel_table="18">
			<HoldAreaEnable Aircraft="false" Vehicle="false" Unknown="false"/>
		</AccessPoint_HVP>
		<AccessPoint_HVP AccessPoint_id="99" HVP_id="54m_90d_AGG" HVP_sel_table="18">
			<HoldAreaEnable Aircraft="false" Vehicle="false" Unknown="false"/>
		</AccessPoint_HVP>
		<AccessPoint_HVP AccessPoint_id="100" HVP_id="54m_90d_AGG" HVP_sel_table="18">
			<HoldAreaEnable Aircraft="false" Vehicle="false" Unknown="false"/>
		</AccessPoint_HVP>
		<AccessPoint_HVP AccessPoint_id="101" HVP_id="54m_90d_AGG" HVP_sel_table="18">
			<HoldAreaEnable Aircraft="false" Vehicle="false" Unknown="false"/>
		</AccessPoint_HVP>
		<AccessPoint_HVP AccessPoint_id="176" HVP_id="54m_90d_AGG" HVP_sel_table="18">
			<HoldAreaEnable Aircraft="false" Vehicle="false" Unknown="false"/>
		</AccessPoint_HVP>
		<AccessPoint_HVP AccessPoint_id="178" HVP_id="54m_90d_AGG" HVP_sel_table="18">
			<HoldAreaEnable Aircraft="false" Vehicle="false" Unknown="false"/>
		</AccessPoint_HVP>
		<AccessPoint_HVP AccessPoint_id="180" HVP_id="54m_90d_AGG" HVP_sel_table="18">
			<HoldAreaEnable Aircraft="false" Vehicle="false" Unknown="false"/>
		</AccessPoint_HVP>
		<AccessPoint_HVP AccessPoint_id="102" HVP_id="54m_90d_AGG" HVP_sel_table="18">
			<HoldAreaEnable Aircraft="false" Vehicle="false" Unknown="false"/>
		</AccessPoint_HVP>
		<AccessPoint_HVP AccessPoint_id="103" HVP_id="54m_90d_AGG" HVP_sel_table="18">
			<HoldAreaEnable Aircraft="false" Vehicle="false" Unknown="false"/>
		</AccessPoint_HVP>
		<AccessPoint_HVP AccessPoint_id="104" HVP_id="54m_90d_AGG" HVP_sel_table="18">
			<HoldAreaEnable Aircraft="false" Vehicle="false" Unknown="false"/>
		</AccessPoint_HVP>
		<AccessPoint_HVP AccessPoint_id="105" HVP_id="54m_90d_AGG" HVP_sel_table="18">
			<HoldAreaEnable Aircraft="false" Vehicle="false" Unknown="false"/>
		</AccessPoint_HVP>
		<AccessPoint_HVP AccessPoint_id="106" HVP_id="54m_90d_AGG" HVP_sel_table="18">
			<HoldAreaEnable Aircraft="false" Vehicle="false" Unknown="false"/>
		</AccessPoint_HVP>
		<AccessPoint_HVP AccessPoint_id="107" HVP_id="54m_90d_AGG" HVP_sel_table="18">
			<HoldAreaEnable Aircraft="false" Vehicle="false" Unknown="false"/>
		</AccessPoint_HVP>
		<AccessPoint_HVP AccessPoint_id="108" HVP_id="54m_90d_AGG" HVP_sel_table="18">
			<HoldAreaEnable Aircraft="false" Vehicle="false" Unknown="false"/>
		</AccessPoint_HVP>
		<AccessPoint_HVP AccessPoint_id="109" HVP_id="54m_90d_AGG" HVP_sel_table="18">
			<HoldAreaEnable Aircraft="false" Vehicle="false" Unknown="false"/>
		</AccessPoint_HVP>
		<AccessPoint_HVP AccessPoint_id="110" HVP_id="54m_90d_AGG" HVP_sel_table="18">
			<HoldAreaEnable Aircraft="false" Vehicle="false" Unknown="false"/>
		</AccessPoint_HVP>
		<AccessPoint_HVP AccessPoint_id="111" HVP_id="54m_27d_AGG" HVP_sel_table="22">
			<HoldAreaEnable Aircraft="false" Vehicle="false" Unknown="false"/>
		</AccessPoint_HVP>
		<AccessPoint_HVP AccessPoint_id="112" HVP_id="54m_90d_AGG" HVP_sel_table="18">
			<HoldAreaEnable Aircraft="false" Vehicle="false" Unknown="false"/>
		</AccessPoint_HVP>
		<AccessPoint_HVP AccessPoint_id="113" HVP_id="54m_90d_AGG" HVP_sel_table="18">
			<HoldAreaEnable Aircraft="false" Vehicle="false" Unknown="false"/>
		</AccessPoint_HVP>
		<AccessPoint_HVP AccessPoint_id="114" HVP_id="54m_22d_AGG" HVP_sel_table="23">
			<HoldAreaEnable Aircraft="false" Vehicle="false" Unknown="false"/>
		</AccessPoint_HVP>
		<AccessPoint_HVP AccessPoint_id="115" HVP_id="54m_90d_AGG" HVP_sel_table="18">
			<HoldAreaEnable Aircraft="false" Vehicle="false" Unknown="false"/>
		</AccessPoint_HVP>
		<AccessPoint_HVP AccessPoint_id="116" HVP_id="54m_55d_AGG" HVP_sel_table="19">
			<HoldAreaEnable Aircraft="false" Vehicle="false" Unknown="false"/>
		</AccessPoint_HVP>
		<AccessPoint_HVP AccessPoint_id="117" HVP_id="54m_90d_AGG" HVP_sel_table="18">
			<HoldAreaEnable Aircraft="false" Vehicle="false" Unknown="false"/>
		</AccessPoint_HVP>
		<AccessPoint_HVP AccessPoint_id="118" HVP_id="54m_55d_AGG" HVP_sel_table="19">
			<HoldAreaEnable Aircraft="false" Vehicle="false" Unknown="false"/>
		</AccessPoint_HVP>
		<AccessPoint_HVP AccessPoint_id="119" HVP_id="54m_55d_AGG" HVP_sel_table="19">
			<HoldAreaEnable Aircraft="false" Vehicle="false" Unknown="false"/>
		</AccessPoint_HVP>
		<AccessPoint_HVP AccessPoint_id="120" HVP_id="54m_55d_AGG" HVP_sel_table="19">
			<HoldAreaEnable Aircraft="false" Vehicle="false" Unknown="false"/>
		</AccessPoint_HVP>
		<AccessPoint_HVP AccessPoint_id="121" HVP_id="54m_90d_AGG" HVP_sel_table="18">
			<HoldAreaEnable Aircraft="false" Vehicle="false" Unknown="false"/>
		</AccessPoint_HVP>
		<AccessPoint_HVP AccessPoint_id="122" HVP_id="54m_90d_AGG" HVP_sel_table="18">
			<HoldAreaEnable Aircraft="false" Vehicle="false" Unknown="false"/>
		</AccessPoint_HVP>
		<AccessPoint_HVP AccessPoint_id="123" HVP_id="54m_90d_AGG" HVP_sel_table="18">
			<HoldAreaEnable Aircraft="false" Vehicle="false" Unknown="false"/>
		</AccessPoint_HVP>
		<AccessPoint_HVP AccessPoint_id="124" HVP_id="54m_90d_AGG" HVP_sel_table="18">
			<HoldAreaEnable Aircraft="false" Vehicle="false" Unknown="false"/>
		</AccessPoint_HVP>
		<AccessPoint_HVP AccessPoint_id="125" HVP_id="54m_90d_AGG" HVP_sel_table="18">
			<HoldAreaEnable Aircraft="false" Vehicle="false" Unknown="false"/>
		</AccessPoint_HVP>
		<AccessPoint_HVP AccessPoint_id="177" HVP_id="54m_90d_AGG" HVP_sel_table="18">
			<HoldAreaEnable Aircraft="false" Vehicle="false" Unknown="false"/>
		</AccessPoint_HVP>
		<AccessPoint_HVP AccessPoint_id="179" HVP_id="54m_90d_AGG" HVP_sel_table="18">
			<HoldAreaEnable Aircraft="false" Vehicle="false" Unknown="false"/>
		</AccessPoint_HVP>
		<AccessPoint_HVP AccessPoint_id="181" HVP_id="54m_90d_AGG" HVP_sel_table="18">
			<HoldAreaEnable Aircraft="false" Vehicle="false" Unknown="false"/>
		</AccessPoint_HVP>
		<AccessPoint_HVP AccessPoint_id="126" HVP_id="54m_90d_AGG" HVP_sel_table="18">
			<HoldAreaEnable Aircraft="false" Vehicle="false" Unknown="false"/>
		</AccessPoint_HVP>
		<AccessPoint_HVP AccessPoint_id="127" HVP_id="54m_90d_AGG" HVP_sel_table="18">
			<HoldAreaEnable Aircraft="false" Vehicle="false" Unknown="false"/>
		</AccessPoint_HVP>
		<AccessPoint_HVP AccessPoint_id="128" HVP_id="54m_27d_AGG" HVP_sel_table="22">
			<HoldAreaEnable Aircraft="false" Vehicle="false" Unknown="false"/>
		</AccessPoint_HVP>
		<AccessPoint_HVP AccessPoint_id="129" HVP_id="54m_90d_AGG" HVP_sel_table="18">
			<HoldAreaEnable Aircraft="false" Vehicle="false" Unknown="false"/>
		</AccessPoint_HVP>
		<AccessPoint_HVP AccessPoint_id="130" HVP_id="54m_90d_AGG" HVP_sel_table="18">
			<HoldAreaEnable Aircraft="false" Vehicle="false" Unknown="false"/>
		</AccessPoint_HVP>
		<AccessPoint_HVP AccessPoint_id="131" HVP_id="54m_27d_AGG" HVP_sel_table="22">
			<HoldAreaEnable Aircraft="false" Vehicle="false" Unknown="false"/>
		</AccessPoint_HVP>
		<AccessPoint_HVP AccessPoint_id="132" HVP_id="54m_27d_AGG" HVP_sel_table="22">
			<HoldAreaEnable Aircraft="false" Vehicle="false" Unknown="false"/>
		</AccessPoint_HVP>
		<AccessPoint_HVP AccessPoint_id="133" HVP_id="54m_90d_AGG" HVP_sel_table="18">
			<HoldAreaEnable Aircraft="false" Vehicle="false" Unknown="false"/>
		</AccessPoint_HVP>
		<AccessPoint_HVP AccessPoint_id="134" HVP_id="54m_90d_AGG" HVP_sel_table="18">
			<HoldAreaEnable Aircraft="false" Vehicle="false" Unknown="false"/>
		</AccessPoint_HVP>
		<AccessPoint_HVP AccessPoint_id="135" HVP_id="54m_27d_AGG" HVP_sel_table="22">
			<HoldAreaEnable Aircraft="false" Vehicle="false" Unknown="false"/>
		</AccessPoint_HVP>
		<AccessPoint_HVP AccessPoint_id="136" HVP_id="54m_90d_AGG" HVP_sel_table="18">
			<HoldAreaEnable Aircraft="false" Vehicle="false" Unknown="false"/>
		</AccessPoint_HVP>
		<AccessPoint_HVP AccessPoint_id="137" HVP_id="54m_90d_AGG" HVP_sel_table="18">
			<HoldAreaEnable Aircraft="false" Vehicle="false" Unknown="false"/>
		</AccessPoint_HVP>
		<AccessPoint_HVP AccessPoint_id="138" HVP_id="54m_90d_AGG" HVP_sel_table="18">
			<HoldAreaEnable Aircraft="false" Vehicle="false" Unknown="false"/>
		</AccessPoint_HVP>
		<AccessPoint_HVP AccessPoint_id="139" HVP_id="54m_90d_AGG" HVP_sel_table="18">
			<HoldAreaEnable Aircraft="false" Vehicle="false" Unknown="false"/>
		</AccessPoint_HVP>
		<AccessPoint_HVP AccessPoint_id="140" HVP_id="54m_55d_AGG" HVP_sel_table="19">
			<HoldAreaEnable Aircraft="false" Vehicle="false" Unknown="false"/>
		</AccessPoint_HVP>
		<AccessPoint_HVP AccessPoint_id="141" HVP_id="54m_90d_AGG" HVP_sel_table="18">
			<HoldAreaEnable Aircraft="false" Vehicle="false" Unknown="false"/>
		</AccessPoint_HVP>
		<AccessPoint_HVP AccessPoint_id="142" HVP_id="54m_90d_AGG" HVP_sel_table="18">
			<HoldAreaEnable Aircraft="false" Vehicle="false" Unknown="false"/>
		</AccessPoint_HVP>
		<AccessPoint_HVP AccessPoint_id="182" HVP_id="54m_90d_AGG" HVP_sel_table="18">
			<HoldAreaEnable Aircraft="false" Vehicle="false" Unknown="false"/>
		</AccessPoint_HVP>
		<AccessPoint_HVP AccessPoint_id="184" HVP_id="54m_90d_AGG" HVP_sel_table="18">
			<HoldAreaEnable Aircraft="false" Vehicle="false" Unknown="false"/>
		</AccessPoint_HVP>
		<AccessPoint_HVP AccessPoint_id="143" HVP_id="54m_90d_AGG" HVP_sel_table="18">
			<HoldAreaEnable Aircraft="false" Vehicle="false" Unknown="false"/>
		</AccessPoint_HVP>
		<AccessPoint_HVP AccessPoint_id="144" HVP_id="54m_90d_AGG" HVP_sel_table="18">
			<HoldAreaEnable Aircraft="false" Vehicle="false" Unknown="false"/>
		</AccessPoint_HVP>
		<AccessPoint_HVP AccessPoint_id="145" HVP_id="54m_27d_AGG" HVP_sel_table="22">
			<HoldAreaEnable Aircraft="false" Vehicle="false" Unknown="false"/>
		</AccessPoint_HVP>
		<AccessPoint_HVP AccessPoint_id="146" HVP_id="54m_90d_AGG" HVP_sel_table="18">
			<HoldAreaEnable Aircraft="false" Vehicle="false" Unknown="false"/>
		</AccessPoint_HVP>
		<AccessPoint_HVP AccessPoint_id="147" HVP_id="54m_90d_AGG" HVP_sel_table="18">
			<HoldAreaEnable Aircraft="false" Vehicle="false" Unknown="false"/>
		</AccessPoint_HVP>
		<AccessPoint_HVP AccessPoint_id="148" HVP_id="54m_27d_AGG" HVP_sel_table="22">
			<HoldAreaEnable Aircraft="false" Vehicle="false" Unknown="false"/>
		</AccessPoint_HVP>
		<AccessPoint_HVP AccessPoint_id="149" HVP_id="54m_27d_AGG" HVP_sel_table="22">
			<HoldAreaEnable Aircraft="false" Vehicle="false" Unknown="false"/>
		</AccessPoint_HVP>
		<AccessPoint_HVP AccessPoint_id="150" HVP_id="54m_90d_AGG" HVP_sel_table="18">
			<HoldAreaEnable Aircraft="false" Vehicle="false" Unknown="false"/>
		</AccessPoint_HVP>
		<AccessPoint_HVP AccessPoint_id="151" HVP_id="54m_90d_AGG" HVP_sel_table="18">
			<HoldAreaEnable Aircraft="false" Vehicle="false" Unknown="false"/>
		</AccessPoint_HVP>
		<AccessPoint_HVP AccessPoint_id="152" HVP_id="54m_27d_AGG" HVP_sel_table="22">
			<HoldAreaEnable Aircraft="false" Vehicle="false" Unknown="false"/>
		</AccessPoint_HVP>
		<AccessPoint_HVP AccessPoint_id="153" HVP_id="54m_90d_AGG" HVP_sel_table="18">
			<HoldAreaEnable Aircraft="false" Vehicle="false" Unknown="false"/>
		</AccessPoint_HVP>
		<AccessPoint_HVP AccessPoint_id="154" HVP_id="54m_90d_AGG" HVP_sel_table="18">
			<HoldAreaEnable Aircraft="false" Vehicle="false" Unknown="false"/>
		</AccessPoint_HVP>
		<AccessPoint_HVP AccessPoint_id="155" HVP_id="54m_90d_AGG" HVP_sel_table="18">
			<HoldAreaEnable Aircraft="false" Vehicle="false" Unknown="false"/>
		</AccessPoint_HVP>
		<AccessPoint_HVP AccessPoint_id="156" HVP_id="54m_90d_AGG" HVP_sel_table="18">
			<HoldAreaEnable Aircraft="false" Vehicle="false" Unknown="false"/>
		</AccessPoint_HVP>
		<AccessPoint_HVP AccessPoint_id="157" HVP_id="54m_55d_AGG" HVP_sel_table="19">
			<HoldAreaEnable Aircraft="false" Vehicle="false" Unknown="false"/>
		</AccessPoint_HVP>
		<AccessPoint_HVP AccessPoint_id="158" HVP_id="54m_90d_AGG" HVP_sel_table="18">
			<HoldAreaEnable Aircraft="false" Vehicle="false" Unknown="false"/>
		</AccessPoint_HVP>
		<AccessPoint_HVP AccessPoint_id="159" HVP_id="54m_90d_AGG" HVP_sel_table="18">
			<HoldAreaEnable Aircraft="false" Vehicle="false" Unknown="false"/>
		</AccessPoint_HVP>
		<AccessPoint_HVP AccessPoint_id="183" HVP_id="54m_90d_AGG" HVP_sel_table="18">
			<HoldAreaEnable Aircraft="false" Vehicle="false" Unknown="false"/>
		</AccessPoint_HVP>
		<AccessPoint_HVP AccessPoint_id="185" HVP_id="54m_90d_AGG" HVP_sel_table="18">
			<HoldAreaEnable Aircraft="false" Vehicle="false" Unknown="false"/>
		</AccessPoint_HVP>
		<AccessPoint_HVP AccessPoint_id="160" HVP_id="54m_90d_AGG" HVP_sel_table="18">
			<HoldAreaEnable Aircraft="false" Vehicle="false" Unknown="false"/>
		</AccessPoint_HVP>
		<AccessPoint_HVP AccessPoint_id="161" HVP_id="54m_90d_AGG" HVP_sel_table="18">
			<HoldAreaEnable Aircraft="false" Vehicle="false" Unknown="false"/>
		</AccessPoint_HVP>
		<AccessPoint_HVP AccessPoint_id="162" HVP_id="54m_27d_AGG" HVP_sel_table="22">
			<HoldAreaEnable Aircraft="false" Vehicle="false" Unknown="false"/>
		</AccessPoint_HVP>
		<AccessPoint_HVP AccessPoint_id="163" HVP_id="54m_27d_AGG" HVP_sel_table="22">
			<HoldAreaEnable Aircraft="false" Vehicle="false" Unknown="false"/>
		</AccessPoint_HVP>
		<AccessPoint_HVP AccessPoint_id="164" HVP_id="54m_27d_AGG" HVP_sel_table="22">
			<HoldAreaEnable Aircraft="false" Vehicle="false" Unknown="false"/>
		</AccessPoint_HVP>
		<AccessPoint_HVP AccessPoint_id="165" HVP_id="54m_27d_AGG" HVP_sel_table="22">
			<HoldAreaEnable Aircraft="false" Vehicle="false" Unknown="false"/>
		</AccessPoint_HVP>
		<AccessPoint_HVP AccessPoint_id="166" HVP_id="54m_90d_AGG" HVP_sel_table="18">
			<HoldAreaEnable Aircraft="false" Vehicle="false" Unknown="false"/>
		</AccessPoint_HVP>
		<AccessPoint_HVP AccessPoint_id="167" HVP_id="54m_90d_AGG" HVP_sel_table="18">
			<HoldAreaEnable Aircraft="false" Vehicle="false" Unknown="false"/>
		</AccessPoint_HVP>
		<AccessPoint_HVP AccessPoint_id="168" HVP_id="54m_90d_AGG" HVP_sel_table="18">
			<HoldAreaEnable Aircraft="false" Vehicle="false" Unknown="false"/>
		</AccessPoint_HVP>
		<AccessPoint_HVP AccessPoint_id="169" HVP_id="54m_90d_AGG" HVP_sel_table="18">
			<HoldAreaEnable Aircraft="false" Vehicle="false" Unknown="false"/>
		</AccessPoint_HVP>
		<AccessPoint_HVP AccessPoint_id="170" HVP_id="54m_27d_AGG" HVP_sel_table="22">
			<HoldAreaEnable Aircraft="false" Vehicle="false" Unknown="false"/>
		</AccessPoint_HVP>
		<AccessPoint_HVP AccessPoint_id="171" HVP_id="54m_27d_AGG" HVP_sel_table="22">
			<HoldAreaEnable Aircraft="false" Vehicle="false" Unknown="false"/>
		</AccessPoint_HVP>
		<AccessPoint_HVP AccessPoint_id="172" HVP_id="54m_27d_AGG" HVP_sel_table="22">
			<HoldAreaEnable Aircraft="false" Vehicle="false" Unknown="false"/>
		</AccessPoint_HVP>
		<AccessPoint_HVP AccessPoint_id="173" HVP_id="54m_27d_AGG" HVP_sel_table="22">
			<HoldAreaEnable Aircraft="false" Vehicle="false" Unknown="false"/>
		</AccessPoint_HVP>
		<AccessPoint_HVP AccessPoint_id="174" HVP_id="54m_90d_AGG" HVP_sel_table="18">
			<HoldAreaEnable Aircraft="false" Vehicle="false" Unknown="false"/>
		</AccessPoint_HVP>
		<AccessPoint_HVP AccessPoint_id="175" HVP_id="54m_90d_AGG" HVP_sel_table="18">
			<HoldAreaEnable Aircraft="false" Vehicle="false" Unknown="false"/>
		</AccessPoint_HVP>
	</AccessPoint_HVP_Map>
	<LAHSO_Param_List>
		<LAHSO_Params LAHSO_id="0" LAHSO_enable="true" subject_HVP_SelectionTableId="14" object_HVP_SelectionTableEnable="false" object_HVP_SelectionTableId="16"/>
		<LAHSO_Params LAHSO_id="1" LAHSO_enable="true" subject_HVP_SelectionTableId="14" object_HVP_SelectionTableEnable="false" object_HVP_SelectionTableId="16"/>
		<LAHSO_Params LAHSO_id="2" LAHSO_enable="true" subject_HVP_SelectionTableId="14" object_HVP_SelectionTableEnable="false" object_HVP_SelectionTableId="16"/>
		<LAHSO_Params LAHSO_id="3" LAHSO_enable="true" subject_HVP_SelectionTableId="14" object_HVP_SelectionTableEnable="false" object_HVP_SelectionTableId="16"/>
	</LAHSO_Param_List>
	<HVP_Selection_Table_List>
		<HVP_Selection_Table id="0">
			<Default_HVP_Selection HVP_id="Off" HVP_label="No_LAHSO_UNKN_AC_100"/>
			<HVP_Selection HVP_id="AC_TAXI_NOM_100" HVP_label="Taxi_AC" HVP_enable="true" MovementState="Runway_Taxi" TargetType="Aircraft" Ad_min="-999"/>
			<HVP_Selection HVP_id="VEH_TAXI_NOM_100" HVP_label="Taxi_Veh" HVP_enable="true" MovementState="Runway_Taxi" TargetType="Vehicle" Ad_min="-999"/>
			<HVP_Selection HVP_id="AC_TAXI_NOM_100" HVP_label="Taxi_Unkn" HVP_enable="true" MovementState="Runway_Taxi" TargetType="Unknown_Target_Type" Ad_min="-999"/>
		</HVP_Selection_Table>
		<HVP_Selection_Table id="1">
			<Default_HVP_Selection HVP_id="Off" HVP_label="No_LAHSO_UNKN_AC_150"/>
			<HVP_Selection HVP_id="AC_TAXI_NOM_150" HVP_label="Taxi_AC" HVP_enable="true" MovementState="Runway_Taxi" TargetType="Aircraft" Ad_min="-999"/>
			<HVP_Selection HVP_id="VEH_TAXI_NOM_150" HVP_label="Taxi_Veh" HVP_enable="true" MovementState="Runway_Taxi" TargetType="Vehicle" Ad_min="-999"/>
			<HVP_Selection HVP_id="AC_TAXI_NOM_150" HVP_label="Taxi_Unkn" HVP_enable="true" MovementState="Runway_Taxi" TargetType="Unknown_Target_Type" Ad_min="-999"/>
		</HVP_Selection_Table>
		<HVP_Selection_Table id="2">
			<Default_HVP_Selection HVP_id="Off" HVP_label="No_LAHSO_UNKN_AC_200"/>
			<HVP_Selection HVP_id="AC_TAXI_NOM_200" HVP_label="Taxi_AC" HVP_enable="true" MovementState="Runway_Taxi" TargetType="Aircraft" Ad_min="-999"/>
			<HVP_Selection HVP_id="VEH_TAXI_NOM_200" HVP_label="Taxi_Veh" HVP_enable="true" MovementState="Runway_Taxi" TargetType="Vehicle" Ad_min="-999"/>
			<HVP_Selection HVP_id="AC_TAXI_NOM_200" HVP_label="Taxi_Unkn" HVP_enable="true" MovementState="Runway_Taxi" TargetType="Unknown_Target_Type" Ad_min="-999"/>
		</HVP_Selection_Table>
		<HVP_Selection_Table id="3">
			<Default_HVP_Selection HVP_id="Off" HVP_label="LAHSO_UNKN_AC_100"/>
			<HVP_Selection HVP_id="AC_OPER_NOM" HVP_label="Land_AC" HVP_enable="true" MovementState="Lander" TargetType="Aircraft" Ad_min="-999"/>
			<HVP_Selection HVP_id="AC_TAXI_NOM_100" HVP_label="Taxi_AC" HVP_enable="true" MovementState="Runway_Taxi" TargetType="Aircraft" Ad_min="-999"/>
			<HVP_Selection HVP_id="VEH_TAXI_NOM_100" HVP_label="Taxi_Veh" HVP_enable="true" MovementState="Runway_Taxi" TargetType="Vehicle" Ad_min="-999"/>
			<HVP_Selection HVP_id="AC_OPER_NOM" HVP_label="Land_Unkn" HVP_enable="true" MovementState="Lander" TargetType="Unknown_Target_Type" Ad_min="-999"/>
			<HVP_Selection HVP_id="AC_TAXI_NOM_100" HVP_label="Taxi_Unkn" HVP_enable="true" MovementState="Runway_Taxi" TargetType="Unknown_Target_Type" Ad_min="-999"/>
		</HVP_Selection_Table>
		<HVP_Selection_Table id="4">
			<Default_HVP_Selection HVP_id="Off" HVP_label="LAHSO_UNKN_AC_150"/>
			<HVP_Selection HVP_id="AC_OPER_NOM" HVP_label="Land_AC" HVP_enable="true" MovementState="Lander" TargetType="Aircraft" Ad_min="-999"/>
			<HVP_Selection HVP_id="AC_TAXI_NOM_150" HVP_label="Taxi_AC" HVP_enable="true" MovementState="Runway_Taxi" TargetType="Aircraft" Ad_min="-999"/>
			<HVP_Selection HVP_id="VEH_TAXI_NOM_150" HVP_label="Taxi_Veh" HVP_enable="true" MovementState="Runway_Taxi" TargetType="Vehicle" Ad_min="-999"/>
			<HVP_Selection HVP_id="AC_OPER_NOM" HVP_label="Land_Unkn" HVP_enable="true" MovementState="Lander" TargetType="Unknown_Target_Type" Ad_min="-999"/>
			<HVP_Selection HVP_id="AC_TAXI_NOM_150" HVP_label="Taxi_Unkn" HVP_enable="true" MovementState="Runway_Taxi" TargetType="Unknown_Target_Type" Ad_min="-999"/>
		</HVP_Selection_Table>
		<HVP_Selection_Table id="5">
			<Default_HVP_Selection HVP_id="Off" HVP_label="LAHSO_UNKN_AC_200"/>
			<HVP_Selection HVP_id="AC_OPER_NOM" HVP_label="Land_AC" HVP_enable="true" MovementState="Lander" TargetType="Aircraft" Ad_min="-999"/>
			<HVP_Selection HVP_id="AC_TAXI_NOM_200" HVP_label="Taxi_AC" HVP_enable="true" MovementState="Runway_Taxi" TargetType="Aircraft" Ad_min="-999"/>
			<HVP_Selection HVP_id="VEH_TAXI_NOM_200" HVP_label="Taxi_Veh" HVP_enable="true" MovementState="Runway_Taxi" TargetType="Vehicle" Ad_min="-999"/>
			<HVP_Selection HVP_id="AC_OPER_NOM" HVP_label="Land_Unkn" HVP_enable="true" MovementState="Lander" TargetType="Unknown_Target_Type" Ad_min="-999"/>
			<HVP_Selection HVP_id="AC_TAXI_NOM_200" HVP_label="Taxi_Unkn" HVP_enable="true" MovementState="Runway_Taxi" TargetType="Unknown_Target_Type" Ad_min="-999"/>
		</HVP_Selection_Table>
		<HVP_Selection_Table id="6">
			<Default_HVP_Selection HVP_id="Off" HVP_label="No_LAHSO_UNKN_Veh_100"/>
			<HVP_Selection HVP_id="AC_TAXI_NOM_100" HVP_label="Taxi_AC" HVP_enable="true" MovementState="Runway_Taxi" TargetType="Aircraft" Ad_min="-999"/>
			<HVP_Selection HVP_id="VEH_TAXI_NOM_100" HVP_label="Taxi_Veh" HVP_enable="true" MovementState="Runway_Taxi" TargetType="Vehicle" Ad_min="-999"/>
			<HVP_Selection HVP_id="VEH_TAXI_NOM_100" HVP_label="Taxi_Unkn" HVP_enable="true" MovementState="Runway_Taxi" TargetType="Unknown_Target_Type" Ad_min="-999"/>
		</HVP_Selection_Table>
		<HVP_Selection_Table id="7">
			<Default_HVP_Selection HVP_id="Off" HVP_label="No_LAHSO_UNKN_Veh_150"/>
			<HVP_Selection HVP_id="AC_TAXI_NOM_150" HVP_label="Taxi_AC" HVP_enable="true" MovementState="Runway_Taxi" TargetType="Aircraft" Ad_min="-999"/>
			<HVP_Selection HVP_id="VEH_TAXI_NOM_150" HVP_label="Taxi_Veh" HVP_enable="true" MovementState="Runway_Taxi" TargetType="Vehicle" Ad_min="-999"/>
			<HVP_Selection HVP_id="VEH_TAXI_NOM_150" HVP_label="Taxi_Unkn" HVP_enable="true" MovementState="Runway_Taxi" TargetType="Unknown_Target_Type" Ad_min="-999"/>
		</HVP_Selection_Table>
		<HVP_Selection_Table id="8">
			<Default_HVP_Selection HVP_id="Off" HVP_label="No_LAHSO_UNKN_Veh_200"/>
			<HVP_Selection HVP_id="AC_TAXI_NOM_200" HVP_label="Taxi_AC" HVP_enable="true" MovementState="Runway_Taxi" TargetType="Aircraft" Ad_min="-999"/>
			<HVP_Selection HVP_id="VEH_TAXI_NOM_200" HVP_label="Taxi_Veh" HVP_enable="true" MovementState="Runway_Taxi" TargetType="Vehicle" Ad_min="-999"/>
			<HVP_Selection HVP_id="VEH_TAXI_NOM_200" HVP_label="Taxi_Unkn" HVP_enable="true" MovementState="Runway_Taxi" TargetType="Unknown_Target_Type" Ad_min="-999"/>
		</HVP_Selection_Table>
		<HVP_Selection_Table id="9">
			<Default_HVP_Selection HVP_id="Off" HVP_label="LAHSO_UNKN_Veh_100"/>
			<HVP_Selection HVP_id="AC_OPER_NOM" HVP_label="Land_AC" HVP_enable="true" MovementState="Lander" TargetType="Aircraft" Ad_min="-999"/>
			<HVP_Selection HVP_id="AC_TAXI_NOM_100" HVP_label="Taxi_AC" HVP_enable="true" MovementState="Runway_Taxi" TargetType="Aircraft" Ad_min="-999"/>
			<HVP_Selection HVP_id="VEH_TAXI_NOM_100" HVP_label="Vehicles" HVP_enable="true" MovementState="Runway_Taxi" TargetType="Vehicle" Ad_min="-999"/>
			<HVP_Selection HVP_id="VEH_TAXI_NOM_100" HVP_label="Unknowns" HVP_enable="true" MovementState="Runway_Taxi" TargetType="Unknown_Target_Type" Ad_min="-999"/>
			<HVP_Selection HVP_id="VEH_TAXI_NOM_100" HVP_label="Vehicles" HVP_enable="true" MovementState="Lander" TargetType="Vehicle" Ad_min="-999"/>
			<HVP_Selection HVP_id="VEH_TAXI_NOM_100" HVP_label="Unknowns" HVP_enable="true" MovementState="Lander" TargetType="Unknown_Target_Type" Ad_min="-999"/>
		</HVP_Selection_Table>
		<HVP_Selection_Table id="10">
			<Default_HVP_Selection HVP_id="Off" HVP_label="LAHSO_UNKN_Veh_150"/>
			<HVP_Selection HVP_id="AC_OPER_NOM" HVP_label="Land_AC" HVP_enable="true" MovementState="Lander" TargetType="Aircraft" Ad_min="-999"/>
			<HVP_Selection HVP_id="AC_TAXI_NOM_150" HVP_label="Taxi_AC" HVP_enable="true" MovementState="Runway_Taxi" TargetType="Aircraft" Ad_min="-999"/>
			<HVP_Selection HVP_id="VEH_TAXI_NOM_150" HVP_label="Vehicles" HVP_enable="true" MovementState="Runway_Taxi" TargetType="Vehicle" Ad_min="-999"/>
			<HVP_Selection HVP_id="VEH_TAXI_NOM_150" HVP_label="Unknowns" HVP_enable="true" MovementState="Runway_Taxi" TargetType="Unknown_Target_Type" Ad_min="-999"/>
			<HVP_Selection HVP_id="VEH_TAXI_NOM_150" HVP_label="Vehicles" HVP_enable="true" MovementState="Lander" TargetType="Vehicle" Ad_min="-999"/>
			<HVP_Selection HVP_id="VEH_TAXI_NOM_150" HVP_label="Unknowns" HVP_enable="true" MovementState="Lander" TargetType="Unknown_Target_Type" Ad_min="-999"/>
		</HVP_Selection_Table>
		<HVP_Selection_Table id="11">
			<Default_HVP_Selection HVP_id="Off" HVP_label="LAHSO_UNKN_Veh_200"/>
			<HVP_Selection HVP_id="AC_OPER_NOM" HVP_label="Land_AC" HVP_enable="true" MovementState="Lander" TargetType="Aircraft" Ad_min="-999"/>
			<HVP_Selection HVP_id="AC_TAXI_NOM_200" HVP_label="Taxi_AC" HVP_enable="true" MovementState="Runway_Taxi" TargetType="Aircraft" Ad_min="-999"/>
			<HVP_Selection HVP_id="VEH_TAXI_NOM_200" HVP_label="Vehicles" HVP_enable="true" MovementState="Runway_Taxi" TargetType="Vehicle" Ad_min="-999"/>
			<HVP_Selection HVP_id="VEH_TAXI_NOM_200" HVP_label="Unknowns" HVP_enable="true" MovementState="Runway_Taxi" TargetType="Unknown_Target_Type" Ad_min="-999"/>
			<HVP_Selection HVP_id="VEH_TAXI_NOM_200" HVP_label="Vehicles" HVP_enable="true" MovementState="Lander" TargetType="Vehicle" Ad_min="-999"/>
			<HVP_Selection HVP_id="VEH_TAXI_NOM_200" HVP_label="Unknowns" HVP_enable="true" MovementState="Lander" TargetType="Unknown_Target_Type" Ad_min="-999"/>
		</HVP_Selection_Table>
		<HVP_Selection_Table id="12">
			<Default_HVP_Selection HVP_id="Off" HVP_label="SUBJ_LAHSOP_UNKN_AC"/>
			<HVP_Selection HVP_id="AC_LAHSOP_NOM" HVP_label="Arr_AC" HVP_enable="true" MovementState="Lander" TargetType="Aircraft" Ad_min="-999"/>
			<HVP_Selection HVP_id="AC_LAHSOP_NOM" HVP_label="Arr_AC" HVP_enable="true" MovementState="Lander" TargetType="Unknown_Target_Type" Ad_min="-999"/>
		</HVP_Selection_Table>
		<HVP_Selection_Table id="13">
			<Default_HVP_Selection HVP_id="Off" HVP_label="SUBJ_LAHSOP_UNKN_VEH"/>
			<HVP_Selection HVP_id="AC_LAHSOP_NOM" HVP_label="Arr_AC" HVP_enable="true" MovementState="Lander" TargetType="Aircraft" Ad_min="-999"/>
		</HVP_Selection_Table>
		<HVP_Selection_Table id="14">
			<Default_HVP_Selection HVP_id="Off" HVP_label="SUBJ_LAHSOP_UNKN_AGG"/>
			<HVP_Selection HVP_id="AC_OPER_NOM" HVP_label="Land_AC" HVP_enable="true" MovementState="Lander" TargetType="Aircraft" Ad_min="-999"/>
			<HVP_Selection HVP_id="AC_TAXI_AGG_200" HVP_label="Taxi_AC" HVP_enable="true" MovementState="Runway_Taxi" TargetType="Aircraft" Ad_min="-999"/>
			<HVP_Selection HVP_id="VEH_TAXI_AGG_200" HVP_label="Taxi_Veh" HVP_enable="true" MovementState="Runway_Taxi" TargetType="Vehicle" Ad_min="-999"/>
			<HVP_Selection HVP_id="AC_OPER_NOM" HVP_label="Land_Unkn" HVP_enable="true" MovementState="Lander" TargetType="Unknown_Target_Type" Ad_min="-999"/>
			<HVP_Selection HVP_id="AC_TAXI_AGG_200" HVP_label="Taxi_Unkn" HVP_enable="true" MovementState="Runway_Taxi" TargetType="Unknown_Target_Type" Ad_min="-999"/>
		</HVP_Selection_Table>
		<HVP_Selection_Table id="15">
			<Default_HVP_Selection HVP_id="Off" HVP_label="OBJ_LAHSOP_UNKN_AC"/>
			<HVP_Selection HVP_id="AC_LAHSOP_NOM" HVP_label="Taxi_AC" HVP_enable="true" MovementState="Runway_Taxi" TargetType="Aircraft" Ad_min="-999"/>
			<HVP_Selection HVP_id="AC_LAHSOP_NOM" HVP_label="Taxi_AC" HVP_enable="true" MovementState="Runway_Stop" TargetType="Aircraft" Ad_min="-999"/>
			<HVP_Selection HVP_id="AC_LAHSOP_NOM" HVP_label="Taxi_AC" HVP_enable="true" MovementState="Runway_Taxi" TargetType="Unknown_Target_Type" Ad_min="-999"/>
			<HVP_Selection HVP_id="AC_LAHSOP_NOM" HVP_label="Taxi_AC" HVP_enable="true" MovementState="Runway_Stop" TargetType="Unknown_Target_Type" Ad_min="-999"/>
			<HVP_Selection HVP_id="LAHSOP_VEH_NOM" HVP_label="Taxi_Veh" HVP_enable="true" MovementState="Runway_Taxi" TargetType="Vehicle" Ad_min="-999"/>
			<HVP_Selection HVP_id="LAHSOP_VEH_NOM" HVP_label="Taxi_Veh" HVP_enable="true" MovementState="Runway_Stop" TargetType="Vehicle" Ad_min="-999"/>
		</HVP_Selection_Table>
		<HVP_Selection_Table id="16">
			<Default_HVP_Selection HVP_id="Off" HVP_label="OBJ_LAHSOP_UNKN_VEH"/>
			<HVP_Selection HVP_id="AC_LAHSOP_NOM" HVP_label="Taxi_AC" HVP_enable="true" MovementState="Runway_Taxi" TargetType="Aircraft" Ad_min="-999"/>
			<HVP_Selection HVP_id="AC_LAHSOP_NOM" HVP_label="Taxi_AC" HVP_enable="true" MovementState="Runway_Stop" TargetType="Aircraft" Ad_min="-999"/>
			<HVP_Selection HVP_id="LAHSOP_VEH_NOM" HVP_label="Taxi_Veh" HVP_enable="true" MovementState="Runway_Taxi" TargetType="Unknown_Target_Type" Ad_min="-999"/>
			<HVP_Selection HVP_id="LAHSOP_VEH_NOM" HVP_label="Taxi_Veh" HVP_enable="true" MovementState="Runway_Stop" TargetType="Unknown_Target_Type" Ad_min="-999"/>
			<HVP_Selection HVP_id="LAHSOP_VEH_NOM" HVP_label="Taxi_Veh" HVP_enable="true" MovementState="Runway_Taxi" TargetType="Vehicle" Ad_min="-999"/>
			<HVP_Selection HVP_id="LAHSOP_VEH_NOM" HVP_label="Taxi_Veh" HVP_enable="true" MovementState="Runway_Stop" TargetType="Vehicle" Ad_min="-999"/>
		</HVP_Selection_Table>
		<HVP_Selection_Table id="17">
			<Default_HVP_Selection HVP_id="Off" HVP_label="OBJ_LAHSOP_UNKN_AGG"/>
			<HVP_Selection HVP_id="AC_TAXI_AGG_150" HVP_label="Taxi_AC" HVP_enable="true" MovementState="Runway_Taxi" TargetType="Aircraft" Ad_min="-999"/>
			<HVP_Selection HVP_id="VEH_TAXI_NOM_150" HVP_label="Taxi_Veh" HVP_enable="true" MovementState="Runway_Taxi" TargetType="Vehicle" Ad_min="-999"/>
			<HVP_Selection HVP_id="AC_TAXI_AGG_150" HVP_label="Taxi_Unkn" HVP_enable="true" MovementState="Runway_Taxi" TargetType="Unknown_Target_Type" Ad_min="-999"/>
		</HVP_Selection_Table>
		<HVP_Selection_Table id="18">
			<Default_HVP_Selection HVP_id="54m_90d_AGG" HVP_label="CT_AC_Taxi_54m_90d"/>
			<HVP_Selection HVP_id="54m_90d_AC" HVP_label="HVP_AC" HVP_enable="true" MovementState="Unknown_Movement" TargetType="Aircraft" Ad_min="-999"/>
		</HVP_Selection_Table>
		<HVP_Selection_Table id="19">
			<Default_HVP_Selection HVP_id="54m_55d_AGG" HVP_label="CT_AC_Taxi_54m_55d"/>
			<HVP_Selection HVP_id="54m_55d_AC" HVP_label="HVP_AC" HVP_enable="true" MovementState="Unknown_Movement" TargetType="Aircraft" Ad_min="-999"/>
		</HVP_Selection_Table>
		<HVP_Selection_Table id="20">
			<Default_HVP_Selection HVP_id="54m_42d_AGG" HVP_label="CT_AC_Taxi_54m_42d"/>
			<HVP_Selection HVP_id="54m_42d_AC" HVP_label="HVP_AC" HVP_enable="true" MovementState="Unknown_Movement" TargetType="Aircraft" Ad_min="-999"/>
		</HVP_Selection_Table>
		<HVP_Selection_Table id="21">
			<Default_HVP_Selection HVP_id="54m_33d_AGG" HVP_label="CT_AC_Taxi_54m_33d"/>
			<HVP_Selection HVP_id="54m_33d_AC" HVP_label="HVP_AC" HVP_enable="true" MovementState="Unknown_Movement" TargetType="Aircraft" Ad_min="-999"/>
		</HVP_Selection_Table>
		<HVP_Selection_Table id="22">
			<Default_HVP_Selection HVP_id="54m_27d_AGG" HVP_label="CT_AC_Taxi_54m_27d"/>
			<HVP_Selection HVP_id="54m_27d_AC" HVP_label="HVP_AC" HVP_enable="true" MovementState="Unknown_Movement" TargetType="Aircraft" Ad_min="-999"/>
		</HVP_Selection_Table>
		<HVP_Selection_Table id="23">
			<Default_HVP_Selection HVP_id="54m_22d_AGG" HVP_label="CT_AC_Taxi_54m_22d"/>
			<HVP_Selection HVP_id="54m_22d_AC" HVP_label="HVP_AC" HVP_enable="true" MovementState="Unknown_Movement" TargetType="Aircraft" Ad_min="-999"/>
		</HVP_Selection_Table>
		<HVP_Selection_Table id="24">
			<Default_HVP_Selection HVP_id="CONST_RWY_TWY_90d" HVP_label="CONST_RWY_TWY_CT_AC_Taxi_54m_90d"/>
			<HVP_Selection HVP_id="54m_90d_AC" HVP_label="CONST_HVP_AC" HVP_enable="true" MovementState="Unknown_Movement" TargetType="Aircraft" Ad_min="-999"/>
		</HVP_Selection_Table>
		<HVP_Selection_Table id="25">
			<Default_HVP_Selection HVP_id="CONST_RWY_TWY_55d" HVP_label="CONST_RWY_TWY_CT_AC_Taxi_54m_55d"/>
			<HVP_Selection HVP_id="54m_55d_AC" HVP_label="CONST_HVP_AC" HVP_enable="true" MovementState="Unknown_Movement" TargetType="Aircraft" Ad_min="-999"/>
		</HVP_Selection_Table>
		<HVP_Selection_Table id="26">
			<Default_HVP_Selection HVP_id="CONST_RWY_TWY_42d" HVP_label="CONST_RWY_TWY_CT_AC_Taxi_54m_42d"/>
			<HVP_Selection HVP_id="54m_42d_AC" HVP_label="CONST_HVP_AC" HVP_enable="true" MovementState="Unknown_Movement" TargetType="Aircraft" Ad_min="-999"/>
		</HVP_Selection_Table>
		<HVP_Selection_Table id="27">
			<Default_HVP_Selection HVP_id="CONST_RWY_TWY_33d" HVP_label="CONST_RWY_TWY_CT_AC_Taxi_54m_33d"/>
			<HVP_Selection HVP_id="54m_33d_AC" HVP_label="CONST_HVP_AC" HVP_enable="true" MovementState="Unknown_Movement" TargetType="Aircraft" Ad_min="-999"/>
		</HVP_Selection_Table>
		<HVP_Selection_Table id="28">
			<Default_HVP_Selection HVP_id="CONST_RWY_TWY_27d" HVP_label="CONST_RWY_TWY_CT_AC_Taxi_54m_27d"/>
			<HVP_Selection HVP_id="54m_27d_AC" HVP_label="CONST_HVP_AC" HVP_enable="true" MovementState="Unknown_Movement" TargetType="Aircraft" Ad_min="-999"/>
		</HVP_Selection_Table>
		<HVP_Selection_Table id="29">
			<Default_HVP_Selection HVP_id="CONST_RWY_TWY_22d" HVP_label="CONST_RWY_TWY_CT_AC_Taxi_54m_22d"/>
			<HVP_Selection HVP_id="54m_22d_AC" HVP_label="CONST_HVP_AC" HVP_enable="true" MovementState="Unknown_Movement" TargetType="Aircraft" Ad_min="-999"/>
		</HVP_Selection_Table>
		<HVP_Selection_Table id="30">
			<Default_HVP_Selection HVP_id="CONST_RWY_150_90d" HVP_label="CONST_RWY_150_CT_AC_Taxi_54m_90d"/>
			<HVP_Selection HVP_id="54m_90d_AC" HVP_label="CONST_HVP_AC" HVP_enable="true" MovementState="Unknown_Movement" TargetType="Aircraft" Ad_min="-999"/>
		</HVP_Selection_Table>
		<HVP_Selection_Table id="31">
			<Default_HVP_Selection HVP_id="CONST_RWY_150_55d" HVP_label="CONST_RWY_150_CT_AC_Taxi_54m_55d"/>
			<HVP_Selection HVP_id="54m_55d_AC" HVP_label="CONST_HVP_AC" HVP_enable="true" MovementState="Unknown_Movement" TargetType="Aircraft" Ad_min="-999"/>
		</HVP_Selection_Table>
		<HVP_Selection_Table id="32">
			<Default_HVP_Selection HVP_id="CONST_RWY_150_27d" HVP_label="CONST_RWY_150_CT_AC_Taxi_54m_27d"/>
			<HVP_Selection HVP_id="54m_27d_AC" HVP_label="CONST_HVP_AC" HVP_enable="true" MovementState="Unknown_Movement" TargetType="Aircraft" Ad_min="-999"/>
		</HVP_Selection_Table>
		<HVP_Selection_Table id="33">
			<Default_HVP_Selection HVP_id="CONST_RWY_150_22d" HVP_label="CONST_RWY_150_CT_AC_Taxi_54m_22d"/>
			<HVP_Selection HVP_id="54m_22d_AC" HVP_label="CONST_HVP_AC" HVP_enable="true" MovementState="Unknown_Movement" TargetType="Aircraft" Ad_min="-999"/>
		</HVP_Selection_Table>
		<HVP_Selection_Table id="34">
			<Default_HVP_Selection HVP_id="CONST_RWY_200_90d" HVP_label="CONST_RWY_200_CT_AC_Taxi_54m_90d"/>
			<HVP_Selection HVP_id="54m_90d_AC" HVP_label="CONST_HVP_AC" HVP_enable="true" MovementState="Unknown_Movement" TargetType="Aircraft" Ad_min="-999"/>
		</HVP_Selection_Table>
		<HVP_Selection_Table id="35">
			<Default_HVP_Selection HVP_id="CONST_RWY_200_55d" HVP_label="CONST_RWY_200_CT_AC_Taxi_54m_55d"/>
			<HVP_Selection HVP_id="54m_55d_AC" HVP_label="CONST_HVP_AC" HVP_enable="true" MovementState="Unknown_Movement" TargetType="Aircraft" Ad_min="-999"/>
		</HVP_Selection_Table>
		<HVP_Selection_Table id="36">
			<Default_HVP_Selection HVP_id="CONST_RWY_200_42d" HVP_label="CONST_RWY_200_CT_AC_Taxi_54m_42d"/>
			<HVP_Selection HVP_id="54m_42d_AC" HVP_label="CONST_HVP_AC" HVP_enable="true" MovementState="Unknown_Movement" TargetType="Aircraft" Ad_min="-999"/>
		</HVP_Selection_Table>
		<HVP_Selection_Table id="37">
			<Default_HVP_Selection HVP_id="CONST_RWY_200_33d" HVP_label="CONST_RWY_200_CT_AC_Taxi_54m_33d"/>
			<HVP_Selection HVP_id="54m_33d_AC" HVP_label="CONST_HVP_AC" HVP_enable="true" MovementState="Unknown_Movement" TargetType="Aircraft" Ad_min="-999"/>
		</HVP_Selection_Table>
		<HVP_Selection_Table id="38">
			<Default_HVP_Selection HVP_id="CONST_RWY_200_27d" HVP_label="CONST_RWY_200_CT_AC_Taxi_54m_27d"/>
			<HVP_Selection HVP_id="54m_27d_AC" HVP_label="CONST_HVP_AC" HVP_enable="true" MovementState="Unknown_Movement" TargetType="Aircraft" Ad_min="-999"/>
		</HVP_Selection_Table>
		<HVP_Selection_Table id="39">
			<Default_HVP_Selection HVP_id="CONST_RWY_200_22d" HVP_label="CONST_RWY_200_CT_AC_Taxi_54m_22d"/>
			<HVP_Selection HVP_id="54m_22d_AC" HVP_label="CONST_HVP_AC" HVP_enable="true" MovementState="Unknown_Movement" TargetType="Aircraft" Ad_min="-999"/>
		</HVP_Selection_Table>
		<HVP_Selection_Table id="40">
			<Default_HVP_Selection HVP_id="ALL_FILTER" HVP_label="VIRTUAL_ARR"/>
			<HVP_Selection HVP_id="Off" HVP_label="ARRIVAL_ON" HVP_enable="true" MovementState="Arrival" TargetType="Aircraft" Ad_min="-999"/>
		</HVP_Selection_Table>
		<HVP_Selection_Table id="41">
			<Default_HVP_Selection HVP_id="ALL_FILTER" HVP_label="VIRTUAL_DEP"/>
			<HVP_Selection HVP_id="Off" HVP_label="DEPARTURE_ON" HVP_enable="true" MovementState="Departure" TargetType="Aircraft" Ad_min="-999"/>
			<HVP_Selection HVP_id="Off" HVP_label="DEPARTURE_ON" HVP_enable="true" MovementState="Departure" TargetType="Unknown_Target_Type" Ad_min="-999"/>
		</HVP_Selection_Table>
		<HVP_Selection_Table id="42">
			<Default_HVP_Selection HVP_id="ALL_FILTER" HVP_label="VIRTUAL_DEP_ABT"/>
			<HVP_Selection HVP_id="Off" HVP_label="DEPARTURE_ON" HVP_enable="true" MovementState="Departure" TargetType="Aircraft" Ad_min="-999"/>
			<HVP_Selection HVP_id="Off" HVP_label="ABORT_ON" HVP_enable="true" MovementState="Departure_Abort" TargetType="Aircraft" Ad_min="-999"/>
		</HVP_Selection_Table>
		<HVP_Selection_Table id="43">
			<Default_HVP_Selection HVP_id="ALL_FILTER" HVP_label="VIRTUAL_ARR_DEP"/>
			<HVP_Selection HVP_id="Off" HVP_label="ARRIVAL_ON" HVP_enable="true" MovementState="Arrival" TargetType="Aircraft" Ad_min="-999"/>
			<HVP_Selection HVP_id="Off" HVP_label="DEPARTURE_ON" HVP_enable="true" MovementState="Departure" TargetType="Aircraft" Ad_min="-999"/>
		</HVP_Selection_Table>
		<HVP_Selection_Table id="44">
			<Default_HVP_Selection HVP_id="ALL_FILTER" HVP_label="VIRTUAL_ARR_DEP_LND"/>
			<HVP_Selection HVP_id="Off" HVP_label="ARRIVAL_ON" HVP_enable="true" MovementState="Arrival" TargetType="Aircraft" Ad_min="-999"/>
			<HVP_Selection HVP_id="Off" HVP_label="DEPARTURE_ON" HVP_enable="true" MovementState="Departure" TargetType="Aircraft" Ad_min="-999"/>
			<HVP_Selection HVP_id="Off" HVP_label="LANDER_ON" HVP_enable="true" MovementState="Lander" TargetType="Aircraft" Ad_min="-999"/>
		</HVP_Selection_Table>
		<HVP_Selection_Table id="45">
			<Default_HVP_Selection HVP_id="ALL_FILTER" HVP_label="VIRTUAL_ARR_DEP_ABT_LND"/>
			<HVP_Selection HVP_id="Off" HVP_label="ARRIVAL_ON" HVP_enable="true" MovementState="Arrival" TargetType="Aircraft" Ad_min="-999"/>
			<HVP_Selection HVP_id="Off" HVP_label="DEPARTURE_ON" HVP_enable="true" MovementState="Departure" TargetType="Aircraft" Ad_min="-999"/>
			<HVP_Selection HVP_id="Off" HVP_label="ABORT_ON" HVP_enable="true" MovementState="Departure_Abort" TargetType="Aircraft" Ad_min="-999"/>
			<HVP_Selection HVP_id="Off" HVP_label="LANDER_ON" HVP_enable="true" MovementState="Lander" TargetType="Aircraft" Ad_min="-999"/>
		</HVP_Selection_Table>
		<HVP_Selection_Table id="46">
			<Default_HVP_Selection HVP_id="ALL_FILTER" HVP_label="VIRTUAL_ALL_AC"/>
			<HVP_Selection HVP_id="Off" HVP_label="ARRIVAL_ON" HVP_enable="true" MovementState="Arrival" TargetType="Aircraft" Ad_min="-999"/>
			<HVP_Selection HVP_id="Off" HVP_label="DEPARTURE_ON" HVP_enable="true" MovementState="Departure" TargetType="Aircraft" Ad_min="-999"/>
			<HVP_Selection HVP_id="Off" HVP_label="ABORT_ON" HVP_enable="true" MovementState="Departure_Abort" TargetType="Aircraft" Ad_min="-999"/>
			<HVP_Selection HVP_id="Off" HVP_label="LANDER_ON" HVP_enable="true" MovementState="Lander" TargetType="Aircraft" Ad_min="-999"/>
			<HVP_Selection HVP_id="Off" HVP_label="TAXI_ON" HVP_enable="true" MovementState="Runway_Taxi" TargetType="Aircraft" Ad_min="-999"/>
		</HVP_Selection_Table>
	</HVP_Selection_Table_List>
<GoAroundVelocityProfileList>
        <GoAroundVelocityProfile id="GAVP_Generic" index="0">
            <GAVP_Point distance="0.0" velocity="1.4"/>
            <GAVP_Point distance="0.5" velocity="1.4"/>
            <GAVP_Point distance="1.0" velocity="1.4"/>
        </GoAroundVelocityProfile>
</GoAroundVelocityProfileList>
<GoAroundAltitudeProfileList>
        <GoAroundAltitudeProfile id="GAAP_Generic" index="0">
            <GAAP_Point distance="0.0" altitude="0.0"/>
            <GAAP_Point distance="0.5" altitude="0.0"/>
            <GAAP_Point distance="1.0" altitude="0.0"/>
        </GoAroundAltitudeProfile>
</GoAroundAltitudeProfileList>
<RunwayId_GAVP_Map>
        <RunwayId_GAVP RunwayId="1" GAVP_id="GAVP_Generic" />
        <RunwayId_GAVP RunwayId="2" GAVP_id="GAVP_Generic" />
        <RunwayId_GAVP RunwayId="3" GAVP_id="GAVP_Generic" />
        <RunwayId_GAVP RunwayId="4" GAVP_id="GAVP_Generic" />
        <RunwayId_GAVP RunwayId="5" GAVP_id="GAVP_Generic" />
        <RunwayId_GAVP RunwayId="6" GAVP_id="GAVP_Generic" />
        <RunwayId_GAVP RunwayId="7" GAVP_id="GAVP_Generic" />
        <RunwayId_GAVP RunwayId="8" GAVP_id="GAVP_Generic" />
        <RunwayId_GAVP RunwayId="9" GAVP_id="GAVP_Generic" />
        <RunwayId_GAVP RunwayId="10" GAVP_id="GAVP_Generic" />
</RunwayId_GAVP_Map>
<RunwayId_GAAP_Map>
        <RunwayId_GAAP RunwayId="1" GAAP_id="GAAP_Generic" />
        <RunwayId_GAAP RunwayId="2" GAAP_id="GAAP_Generic" />
        <RunwayId_GAAP RunwayId="3" GAAP_id="GAAP_Generic" />
        <RunwayId_GAAP RunwayId="4" GAAP_id="GAAP_Generic" />
        <RunwayId_GAAP RunwayId="5" GAAP_id="GAAP_Generic" />
        <RunwayId_GAAP RunwayId="6" GAAP_id="GAAP_Generic" />
        <RunwayId_GAAP RunwayId="7" GAAP_id="GAAP_Generic" />
        <RunwayId_GAAP RunwayId="8" GAAP_id="GAAP_Generic" />
        <RunwayId_GAAP RunwayId="9" GAAP_id="GAAP_Generic" />
        <RunwayId_GAAP RunwayId="10" GAAP_id="GAAP_Generic" />
</RunwayId_GAAP_Map>
</SafetyLogicGeographicParameters>
