<SafetyLogicParameters version="2.6" xmlns:xsi="http://www.w3.org/2001/XMLSchema-instance" xsi:noNamespaceSchemaLocation="sl_parameters.xsd">
	<AxslParameters>
		<ArrivalAlertActivateTimer>180.0</ArrivalAlertActivateTimer>
		<NumSurfaceRtreeBoxes>50</NumSurfaceRtreeBoxes>
		<OnAirportPadding>1000.0</OnAirportPadding>
		<CAIntervalMicroseconds>400000</CAIntervalMicroseconds>
		<HoldBarUpdateOffset>750000</HoldBarUpdateOffset>
	</AxslParameters>
	<TargetManager>
		<TargetCoastTimeInterval>0.0</TargetCoastTimeInterval>
		<TargetDropTimeInterval>60.0</TargetDropTimeInterval>
		<MaintenanceTimeInterval>1.0</MaintenanceTimeInterval>
		<NumWarmStartDbCycles>60</NumWarmStartDbCycles>
		<FusedTrackReportParameters>
			<MLS_Limits>
			<MLREF>
				<Point x="-994.409732" y="-324.582762" z="-79.563574"/>
				</MLREF>
				<MLRAD>3167.454946</MLRAD>
				<RRR_Short_Limit>0.8</RRR_Short_Limit>
				<RRR_Medium_Limit>1.5</RRR_Medium_Limit>
				<NRU_High_Min>4</NRU_High_Min>
			</MLS_Limits>
			<MLAT_IQT_Table>
				<Sensor>MODE_S</Sensor>
				<RelativeRangeRatio>RRR_SHORT</RelativeRangeRatio>
				<Height_RU_Availability>NRU_HIGH_HGT_GOOD</Height_RU_Availability>
				<IQT>IQOB_TRUSTED_GOOD</IQT>
			</MLAT_IQT_Table>
			<MLAT_IQT_Table>
				<Sensor>MODE_S</Sensor>
				<RelativeRangeRatio>RRR_SHORT</RelativeRangeRatio>
				<Height_RU_Availability>NRU_NOT_HIGH_HGT_GOOD</Height_RU_Availability>
				<IQT>IQOB_CONFIDENT_PRECISE</IQT>
			</MLAT_IQT_Table>
			<MLAT_IQT_Table>
				<Sensor>MODE_S</Sensor>
				<RelativeRangeRatio>RRR_SHORT</RelativeRangeRatio>
				<Height_RU_Availability>NRU_HIGH_HGT_NOT_GOOD</Height_RU_Availability>
				<IQT>IQOB_CONFIDENT_GOOD</IQT>
			</MLAT_IQT_Table>
			<MLAT_IQT_Table>
				<Sensor>MODE_S</Sensor>
				<RelativeRangeRatio>RRR_SHORT</RelativeRangeRatio>
				<Height_RU_Availability>NRU_NOT_HIGH_HGT_NOT_GOOD</Height_RU_Availability>
				<IQT>IQOB_CONFIDENT_GOOD</IQT>
			</MLAT_IQT_Table>
			<MLAT_IQT_Table>
				<Sensor>MODE_S</Sensor>
				<RelativeRangeRatio>RRR_MEDIUM</RelativeRangeRatio>
				<Height_RU_Availability>NRU_HIGH_HGT_GOOD</Height_RU_Availability>
				<IQT>IQOB_CONFIDENT_PRECISE</IQT>
			</MLAT_IQT_Table>
			<MLAT_IQT_Table>
				<Sensor>MODE_S</Sensor>
				<RelativeRangeRatio>RRR_MEDIUM</RelativeRangeRatio>
				<Height_RU_Availability>NRU_NOT_HIGH_HGT_GOOD</Height_RU_Availability>
				<IQT>IQOB_CONFIDENT_GOOD</IQT>
			</MLAT_IQT_Table>
			<MLAT_IQT_Table>
				<Sensor>MODE_S</Sensor>
				<RelativeRangeRatio>RRR_MEDIUM</RelativeRangeRatio>
				<Height_RU_Availability>NRU_HIGH_HGT_NOT_GOOD</Height_RU_Availability>
				<IQT>IQOB_TRUSTED_FAIR</IQT>
			</MLAT_IQT_Table>
			<MLAT_IQT_Table>
				<Sensor>MODE_S</Sensor>
				<RelativeRangeRatio>RRR_MEDIUM</RelativeRangeRatio>
				<Height_RU_Availability>NRU_NOT_HIGH_HGT_NOT_GOOD</Height_RU_Availability>
				<IQT>IQOB_CONFIDENT_FAIR</IQT>
			</MLAT_IQT_Table>
			<MLAT_IQT_Table>
				<Sensor>MODE_S</Sensor>
				<RelativeRangeRatio>RRR_LONG</RelativeRangeRatio>
				<Height_RU_Availability>NRU_HIGH_HGT_GOOD</Height_RU_Availability>
				<IQT>IQOB_CONFIDENT_GOOD</IQT>
			</MLAT_IQT_Table>
			<MLAT_IQT_Table>
				<Sensor>MODE_S</Sensor>
				<RelativeRangeRatio>RRR_LONG</RelativeRangeRatio>
				<Height_RU_Availability>NRU_NOT_HIGH_HGT_GOOD</Height_RU_Availability>
				<IQT>IQOB_TRUSTED_FAIR</IQT>
			</MLAT_IQT_Table>
			<MLAT_IQT_Table>
				<Sensor>MODE_S</Sensor>
				<RelativeRangeRatio>RRR_LONG</RelativeRangeRatio>
				<Height_RU_Availability>NRU_HIGH_HGT_NOT_GOOD</Height_RU_Availability>
				<IQT>IQOB_CONFIDENT_FAIR</IQT>
			</MLAT_IQT_Table>
			<MLAT_IQT_Table>
				<Sensor>MODE_S</Sensor>
				<RelativeRangeRatio>RRR_LONG</RelativeRangeRatio>
				<Height_RU_Availability>NRU_NOT_HIGH_HGT_NOT_GOOD</Height_RU_Availability>
				<IQT>IQOB_CONFIDENT_VAGUE</IQT>
			</MLAT_IQT_Table>
			<MLAT_IQT_Table>
				<Sensor>UAT</Sensor>
				<RelativeRangeRatio>RRR_SHORT</RelativeRangeRatio>
				<Height_RU_Availability>NRU_HIGH_HGT_GOOD</Height_RU_Availability>
				<IQT>IQOB_TRUSTED_GOOD</IQT>
			</MLAT_IQT_Table>
			<MLAT_IQT_Table>
				<Sensor>UAT</Sensor>
				<RelativeRangeRatio>RRR_SHORT</RelativeRangeRatio>
				<Height_RU_Availability>NRU_NOT_HIGH_HGT_GOOD</Height_RU_Availability>
				<IQT>IQOB_CONFIDENT_PRECISE</IQT>
			</MLAT_IQT_Table>
			<MLAT_IQT_Table>
				<Sensor>UAT</Sensor>
				<RelativeRangeRatio>RRR_SHORT</RelativeRangeRatio>
				<Height_RU_Availability>NRU_HIGH_HGT_NOT_GOOD</Height_RU_Availability>
				<IQT>IQOB_CONFIDENT_GOOD</IQT>
			</MLAT_IQT_Table>
			<MLAT_IQT_Table>
				<Sensor>UAT</Sensor>
				<RelativeRangeRatio>RRR_SHORT</RelativeRangeRatio>
				<Height_RU_Availability>NRU_NOT_HIGH_HGT_NOT_GOOD</Height_RU_Availability>
				<IQT>IQOB_CONFIDENT_GOOD</IQT>
			</MLAT_IQT_Table>
			<MLAT_IQT_Table>
				<Sensor>UAT</Sensor>
				<RelativeRangeRatio>RRR_MEDIUM</RelativeRangeRatio>
				<Height_RU_Availability>NRU_HIGH_HGT_GOOD</Height_RU_Availability>
				<IQT>IQOB_CONFIDENT_PRECISE</IQT>
			</MLAT_IQT_Table>
			<MLAT_IQT_Table>
				<Sensor>UAT</Sensor>
				<RelativeRangeRatio>RRR_MEDIUM</RelativeRangeRatio>
				<Height_RU_Availability>NRU_NOT_HIGH_HGT_GOOD</Height_RU_Availability>
				<IQT>IQOB_CONFIDENT_GOOD</IQT>
			</MLAT_IQT_Table>
			<MLAT_IQT_Table>
				<Sensor>UAT</Sensor>
				<RelativeRangeRatio>RRR_MEDIUM</RelativeRangeRatio>
				<Height_RU_Availability>NRU_HIGH_HGT_NOT_GOOD</Height_RU_Availability>
				<IQT>IQOB_TRUSTED_FAIR</IQT>
			</MLAT_IQT_Table>
			<MLAT_IQT_Table>
				<Sensor>UAT</Sensor>
				<RelativeRangeRatio>RRR_MEDIUM</RelativeRangeRatio>
				<Height_RU_Availability>NRU_NOT_HIGH_HGT_NOT_GOOD</Height_RU_Availability>
				<IQT>IQOB_CONFIDENT_FAIR</IQT>
			</MLAT_IQT_Table>
			<MLAT_IQT_Table>
				<Sensor>UAT</Sensor>
				<RelativeRangeRatio>RRR_LONG</RelativeRangeRatio>
				<Height_RU_Availability>NRU_HIGH_HGT_GOOD</Height_RU_Availability>
				<IQT>IQOB_CONFIDENT_GOOD</IQT>
			</MLAT_IQT_Table>
			<MLAT_IQT_Table>
				<Sensor>UAT</Sensor>
				<RelativeRangeRatio>RRR_LONG</RelativeRangeRatio>
				<Height_RU_Availability>NRU_NOT_HIGH_HGT_GOOD</Height_RU_Availability>
				<IQT>IQOB_TRUSTED_FAIR</IQT>
			</MLAT_IQT_Table>
			<MLAT_IQT_Table>
				<Sensor>UAT</Sensor>
				<RelativeRangeRatio>RRR_LONG</RelativeRangeRatio>
				<Height_RU_Availability>NRU_HIGH_HGT_NOT_GOOD</Height_RU_Availability>
				<IQT>IQOB_CONFIDENT_FAIR</IQT>
			</MLAT_IQT_Table>
			<MLAT_IQT_Table>
				<Sensor>UAT</Sensor>
				<RelativeRangeRatio>RRR_LONG</RelativeRangeRatio>
				<Height_RU_Availability>NRU_NOT_HIGH_HGT_NOT_GOOD</Height_RU_Availability>
				<IQT>IQOB_CONFIDENT_VAGUE</IQT>
			</MLAT_IQT_Table>
			<MLAT_IQT_Table>
				<Sensor>ATCRBS</Sensor>
				<RelativeRangeRatio>RRR_SHORT</RelativeRangeRatio>
				<Height_RU_Availability>NRU_HIGH_HGT_GOOD</Height_RU_Availability>
				<IQT>IQOB_CONFIDENT_GOOD</IQT>
			</MLAT_IQT_Table>
			<MLAT_IQT_Table>
				<Sensor>ATCRBS</Sensor>
				<RelativeRangeRatio>RRR_SHORT</RelativeRangeRatio>
				<Height_RU_Availability>NRU_NOT_HIGH_HGT_GOOD</Height_RU_Availability>
				<IQT>IQOB_CONFIDENT_FAIR</IQT>
			</MLAT_IQT_Table>
			<MLAT_IQT_Table>
				<Sensor>ATCRBS</Sensor>
				<RelativeRangeRatio>RRR_SHORT</RelativeRangeRatio>
				<Height_RU_Availability>NRU_HIGH_HGT_NOT_GOOD</Height_RU_Availability>
				<IQT>IQOB_CONFIDENT_FAIR</IQT>
			</MLAT_IQT_Table>
			<MLAT_IQT_Table>
				<Sensor>ATCRBS</Sensor>
				<RelativeRangeRatio>RRR_SHORT</RelativeRangeRatio>
				<Height_RU_Availability>NRU_NOT_HIGH_HGT_NOT_GOOD</Height_RU_Availability>
				<IQT>IQOB_LIKELY_GOOD</IQT>
			</MLAT_IQT_Table>
			<MLAT_IQT_Table>
				<Sensor>ATCRBS</Sensor>
				<RelativeRangeRatio>RRR_MEDIUM</RelativeRangeRatio>
				<Height_RU_Availability>NRU_HIGH_HGT_GOOD</Height_RU_Availability>
				<IQT>IQOB_CONFIDENT_FAIR</IQT>
			</MLAT_IQT_Table>
			<MLAT_IQT_Table>
				<Sensor>ATCRBS</Sensor>
				<RelativeRangeRatio>RRR_MEDIUM</RelativeRangeRatio>
				<Height_RU_Availability>NRU_NOT_HIGH_HGT_GOOD</Height_RU_Availability>
				<IQT>IQOB_LIKELY_FAIR</IQT>
			</MLAT_IQT_Table>
			<MLAT_IQT_Table>
				<Sensor>ATCRBS</Sensor>
				<RelativeRangeRatio>RRR_MEDIUM</RelativeRangeRatio>
				<Height_RU_Availability>NRU_HIGH_HGT_NOT_GOOD</Height_RU_Availability>
				<IQT>IQOB_LIKELY_FAIR</IQT>
			</MLAT_IQT_Table>
			<MLAT_IQT_Table>
				<Sensor>ATCRBS</Sensor>
				<RelativeRangeRatio>RRR_MEDIUM</RelativeRangeRatio>
				<Height_RU_Availability>NRU_NOT_HIGH_HGT_NOT_GOOD</Height_RU_Availability>
				<IQT>IQOB_LIKELY_FAIR</IQT>
			</MLAT_IQT_Table>
			<MLAT_IQT_Table>
				<Sensor>ATCRBS</Sensor>
				<RelativeRangeRatio>RRR_LONG</RelativeRangeRatio>
				<Height_RU_Availability>NRU_HIGH_HGT_GOOD</Height_RU_Availability>
				<IQT>IQOB_LIKELY_FAIR</IQT>
			</MLAT_IQT_Table>
			<MLAT_IQT_Table>
				<Sensor>ATCRBS</Sensor>
				<RelativeRangeRatio>RRR_LONG</RelativeRangeRatio>
				<Height_RU_Availability>NRU_NOT_HIGH_HGT_GOOD</Height_RU_Availability>
				<IQT>IQOB_LIKELY_FAIR</IQT>
			</MLAT_IQT_Table>
			<MLAT_IQT_Table>
				<Sensor>ATCRBS</Sensor>
				<RelativeRangeRatio>RRR_LONG</RelativeRangeRatio>
				<Height_RU_Availability>NRU_HIGH_HGT_NOT_GOOD</Height_RU_Availability>
				<IQT>IQOB_LIKELY_VAGUE</IQT>
			</MLAT_IQT_Table>
			<MLAT_IQT_Table>
				<Sensor>ATCRBS</Sensor>
				<RelativeRangeRatio>RRR_LONG</RelativeRangeRatio>
				<Height_RU_Availability>NRU_NOT_HIGH_HGT_NOT_GOOD</Height_RU_Availability>
				<IQT>IQOB_LIKELY_VAGUE</IQT>
			</MLAT_IQT_Table>
			<SMR_IQT_Table>
				<GroupingBackground>GOOD_GROUPING_GOOD_BACKGROUND</GroupingBackground>
				<Multipath>GOOD_MULTIPATH</Multipath>
				<IQT>IQOB_LIKELY_GOOD</IQT>
			</SMR_IQT_Table>
			<SMR_IQT_Table>
				<GroupingBackground>GOOD_GROUPING_GOOD_BACKGROUND</GroupingBackground>
				<Multipath>UNKNOWN_MULTIPATH</Multipath>
				<IQT>IQOB_LIKELY_FAIR</IQT>
			</SMR_IQT_Table>
			<SMR_IQT_Table>
				<GroupingBackground>GOOD_GROUPING_GOOD_BACKGROUND</GroupingBackground>
				<Multipath>POOR_MULTIPATH</Multipath>
				<IQT>IQOB_LIKELY_VAGUE</IQT>
			</SMR_IQT_Table>
			<SMR_IQT_Table>
				<GroupingBackground>GOOD_GROUPING_UNKNOWN_BACKGROUND</GroupingBackground>
				<Multipath>GOOD_MULTIPATH</Multipath>
				<IQT>IQOB_LIKELY_GOOD</IQT>
			</SMR_IQT_Table>
			<SMR_IQT_Table>
				<GroupingBackground>GOOD_GROUPING_UNKNOWN_BACKGROUND</GroupingBackground>
				<Multipath>UNKNOWN_MULTIPATH</Multipath>
				<IQT>IQOB_LIKELY_VAGUE</IQT>
			</SMR_IQT_Table>
			<SMR_IQT_Table>
				<GroupingBackground>GOOD_GROUPING_UNKNOWN_BACKGROUND</GroupingBackground>
				<Multipath>POOR_MULTIPATH</Multipath>
				<IQT>IQOB_LIKELY_VAGUE</IQT>
			</SMR_IQT_Table>
			<SMR_IQT_Table>
				<GroupingBackground>GOOD_GROUPING_POOR_BACKGROUND</GroupingBackground>
				<Multipath>GOOD_MULTIPATH</Multipath>
				<IQT>IQOB_DUBIOUS_FAIR</IQT>
			</SMR_IQT_Table>
			<SMR_IQT_Table>
				<GroupingBackground>GOOD_GROUPING_POOR_BACKGROUND</GroupingBackground>
				<Multipath>UNKNOWN_MULTIPATH</Multipath>
				<IQT>IQOB_DUBIOUS_VAGUE</IQT>
			</SMR_IQT_Table>
			<SMR_IQT_Table>
				<GroupingBackground>GOOD_GROUPING_POOR_BACKGROUND</GroupingBackground>
				<Multipath>POOR_MULTIPATH</Multipath>
				<IQT>IQOB_JUNK</IQT>
			</SMR_IQT_Table>
			<SMR_IQT_Table>
				<GroupingBackground>UNKNOWN_GROUPING_GOOD_BACKGROUND</GroupingBackground>
				<Multipath>GOOD_MULTIPATH</Multipath>
				<IQT>IQOB_DUBIOUS_GOOD</IQT>
			</SMR_IQT_Table>
			<SMR_IQT_Table>
				<GroupingBackground>UNKNOWN_GROUPING_GOOD_BACKGROUND</GroupingBackground>
				<Multipath>UNKNOWN_MULTIPATH</Multipath>
				<IQT>IQOB_DUBIOUS_FAIR</IQT>
			</SMR_IQT_Table>
			<SMR_IQT_Table>
				<GroupingBackground>UNKNOWN_GROUPING_GOOD_BACKGROUND</GroupingBackground>
				<Multipath>POOR_MULTIPATH</Multipath>
				<IQT>IQOB_DUBIOUS_VAGUE</IQT>
			</SMR_IQT_Table>
			<SMR_IQT_Table>
				<GroupingBackground>UNKNOWN_GROUPING_UNKNOWN_BACKGROUND</GroupingBackground>
				<Multipath>GOOD_MULTIPATH</Multipath>
				<IQT>IQOB_DUBIOUS_GOOD</IQT>
			</SMR_IQT_Table>
			<SMR_IQT_Table>
				<GroupingBackground>UNKNOWN_GROUPING_UNKNOWN_BACKGROUND</GroupingBackground>
				<Multipath>UNKNOWN_MULTIPATH</Multipath>
				<IQT>IQOB_DUBIOUS_FAIR</IQT>
			</SMR_IQT_Table>
			<SMR_IQT_Table>
				<GroupingBackground>UNKNOWN_GROUPING_UNKNOWN_BACKGROUND</GroupingBackground>
				<Multipath>POOR_MULTIPATH</Multipath>
				<IQT>IQOB_DUBIOUS_VAGUE</IQT>
			</SMR_IQT_Table>
			<SMR_IQT_Table>
				<GroupingBackground>UNKNOWN_GROUPING_POOR_BACKGROUND</GroupingBackground>
				<Multipath>GOOD_MULTIPATH</Multipath>
				<IQT>IQOB_DUBIOUS_FAIR</IQT>
			</SMR_IQT_Table>
			<SMR_IQT_Table>
				<GroupingBackground>UNKNOWN_GROUPING_POOR_BACKGROUND</GroupingBackground>
				<Multipath>UNKNOWN_MULTIPATH</Multipath>
				<IQT>IQOB_DUBIOUS_VAGUE</IQT>
			</SMR_IQT_Table>
			<SMR_IQT_Table>
				<GroupingBackground>UNKNOWN_GROUPING_POOR_BACKGROUND</GroupingBackground>
				<Multipath>POOR_MULTIPATH</Multipath>
				<IQT>IQOB_JUNK</IQT>
			</SMR_IQT_Table>
			<SMR_IQT_Table>
				<GroupingBackground>POOR_GROUPING_GOOD_BACKGROUND</GroupingBackground>
				<Multipath>GOOD_MULTIPATH</Multipath>
				<IQT>IQOB_DUBIOUS_FAIR</IQT>
			</SMR_IQT_Table>
			<SMR_IQT_Table>
				<GroupingBackground>POOR_GROUPING_GOOD_BACKGROUND</GroupingBackground>
				<Multipath>UNKNOWN_MULTIPATH</Multipath>
				<IQT>IQOB_DUBIOUS_VAGUE</IQT>
			</SMR_IQT_Table>
			<SMR_IQT_Table>
				<GroupingBackground>POOR_GROUPING_GOOD_BACKGROUND</GroupingBackground>
				<Multipath>POOR_MULTIPATH</Multipath>
				<IQT>IQOB_JUNK</IQT>
			</SMR_IQT_Table>
			<SMR_IQT_Table>
				<GroupingBackground>POOR_GROUPING_UNKNOWN_BACKGROUND</GroupingBackground>
				<Multipath>GOOD_MULTIPATH</Multipath>
				<IQT>IQOB_DUBIOUS_FAIR</IQT>
			</SMR_IQT_Table>
			<SMR_IQT_Table>
				<GroupingBackground>POOR_GROUPING_UNKNOWN_BACKGROUND</GroupingBackground>
				<Multipath>UNKNOWN_MULTIPATH</Multipath>
				<IQT>IQOB_DUBIOUS_VAGUE</IQT>
			</SMR_IQT_Table>
			<SMR_IQT_Table>
				<GroupingBackground>POOR_GROUPING_UNKNOWN_BACKGROUND</GroupingBackground>
				<Multipath>POOR_MULTIPATH</Multipath>
				<IQT>IQOB_JUNK</IQT>
			</SMR_IQT_Table>
			<SMR_IQT_Table>
				<GroupingBackground>POOR_GROUPING_POOR_BACKGROUND</GroupingBackground>
				<Multipath>GOOD_MULTIPATH</Multipath>
				<IQT>IQOB_DUBIOUS_FAIR</IQT>
			</SMR_IQT_Table>
			<SMR_IQT_Table>
				<GroupingBackground>POOR_GROUPING_POOR_BACKGROUND</GroupingBackground>
				<Multipath>UNKNOWN_MULTIPATH</Multipath>
				<IQT>IQOB_DUBIOUS_VAGUE</IQT>
			</SMR_IQT_Table>
			<SMR_IQT_Table>
				<GroupingBackground>POOR_GROUPING_POOR_BACKGROUND</GroupingBackground>
				<Multipath>POOR_MULTIPATH</Multipath>
				<IQT>IQOB_JUNK</IQT>
			</SMR_IQT_Table>
			<ASR_IQT_Table>
				<ModeC_Valid>false</ModeC_Valid>
				<Mode3Valid>false</Mode3Valid>
				<IQT>IQOB_LIKELY_FAIR</IQT>
			</ASR_IQT_Table>
			<ASR_IQT_Table>
				<ModeC_Valid>false</ModeC_Valid>
				<Mode3Valid>true</Mode3Valid>
				<IQT>IQOB_LIKELY_FAIR</IQT>
			</ASR_IQT_Table>
			<ASR_IQT_Table>
				<ModeC_Valid>true</ModeC_Valid>
				<Mode3Valid>false</Mode3Valid>
				<IQT>IQOB_LIKELY_GOOD</IQT>
			</ASR_IQT_Table>
			<ASR_IQT_Table>
				<ModeC_Valid>true</ModeC_Valid>
				<Mode3Valid>true</Mode3Valid>
				<IQT>IQOB_CONFIDENT_GOOD</IQT>
			</ASR_IQT_Table>
			<SMRi_IQT>IQOB_LIKELY_GOOD</SMRi_IQT>
			<ASDE3_IQT>IQOB_LIKELY_GOOD</ASDE3_IQT>
			<ADSB_IQT_Table>
				<NUC_P_Value>0</NUC_P_Value>
				<IQT>IQOB_JUNK</IQT>
			</ADSB_IQT_Table>
			<ADSB_IQT_Table>
				<NUC_P_Value>1</NUC_P_Value>
				<IQT>IQOB_JUNK</IQT>
			</ADSB_IQT_Table>
			<ADSB_IQT_Table>
				<NUC_P_Value>2</NUC_P_Value>
				<IQT>IQOB_JUNK</IQT>
			</ADSB_IQT_Table>
			<ADSB_IQT_Table>
				<NUC_P_Value>3</NUC_P_Value>
				<IQT>IQOB_JUNK</IQT>
			</ADSB_IQT_Table>
			<ADSB_IQT_Table>
				<NUC_P_Value>4</NUC_P_Value>
				<IQT>IQOB_JUNK</IQT>
			</ADSB_IQT_Table>
			<ADSB_IQT_Table>
				<NUC_P_Value>5</NUC_P_Value>
				<IQT>IQOB_JUNK</IQT>
			</ADSB_IQT_Table>
			<ADSB_IQT_Table>
				<NUC_P_Value>6</NUC_P_Value>
				<IQT>IQOB_JUNK</IQT>
			</ADSB_IQT_Table>
			<ADSB_IQT_Table>
				<NUC_P_Value>7</NUC_P_Value>
				<IQT>IQOB_DUBIOUS_FAIR</IQT>
			</ADSB_IQT_Table>
			<ADSB_IQT_Table>
				<NUC_P_Value>8</NUC_P_Value>
				<IQT>IQOB_LIKELY_FAIR</IQT>
			</ADSB_IQT_Table>
			<ADSB_IQT_Table>
				<NUC_P_Value>9</NUC_P_Value>
				<IQT>IQOB_TRUSTED_PRECISE</IQT>
			</ADSB_IQT_Table>
			<SBS_UAT_IQT_Table>
				<NUC_P_Value>0</NUC_P_Value>
				<IQT>IQOB_JUNK</IQT>
			</SBS_UAT_IQT_Table>
			<SBS_UAT_IQT_Table>
				<NUC_P_Value>1</NUC_P_Value>
				<IQT>IQOB_JUNK</IQT>
			</SBS_UAT_IQT_Table>
			<SBS_UAT_IQT_Table>
				<NUC_P_Value>2</NUC_P_Value>
				<IQT>IQOB_JUNK</IQT>
			</SBS_UAT_IQT_Table>
			<SBS_UAT_IQT_Table>
				<NUC_P_Value>3</NUC_P_Value>
				<IQT>IQOB_JUNK</IQT>
			</SBS_UAT_IQT_Table>
			<SBS_UAT_IQT_Table>
				<NUC_P_Value>4</NUC_P_Value>
				<IQT>IQOB_JUNK</IQT>
			</SBS_UAT_IQT_Table>
			<SBS_UAT_IQT_Table>
				<NUC_P_Value>5</NUC_P_Value>
				<IQT>IQOB_DUBIOUS_FAIR</IQT>
			</SBS_UAT_IQT_Table>
			<SBS_UAT_IQT_Table>
				<NUC_P_Value>6</NUC_P_Value>
				<IQT>IQOB_LIKELY_FAIR</IQT>
			</SBS_UAT_IQT_Table>
			<SBS_UAT_IQT_Table>
				<NUC_P_Value>7</NUC_P_Value>
				<IQT>IQOB_LIKELY_FAIR</IQT>
			</SBS_UAT_IQT_Table>
			<SBS_UAT_IQT_Table>
				<NUC_P_Value>8</NUC_P_Value>
				<IQT>IQOB_LIKELY_FAIR</IQT>
			</SBS_UAT_IQT_Table>
			<SBS_UAT_IQT_Table>
				<NUC_P_Value>9</NUC_P_Value>
				<IQT>IQOB_TRUSTED_PRECISE</IQT>
			</SBS_UAT_IQT_Table>
		</FusedTrackReportParameters>
		<TargetAssociationManager>
			<AssociationDistanceSmall>150.0</AssociationDistanceSmall>
			<AssociationDistanceMedium>250.0</AssociationDistanceMedium>
			<AssociationDistanceLarge>500.0</AssociationDistanceLarge>
			<AssociationDistanceArriver>200.0</AssociationDistanceArriver>
			<DisassociationNumUpdates>20</DisassociationNumUpdates>
			<DisassociationMinTime>30.0</DisassociationMinTime>
			<DisassociationForceDistance>1000.0</DisassociationForceDistance>
			<DisassociationDistance>500.0</DisassociationDistance>
			<AssociationScoreRWAP>10.0</AssociationScoreRWAP>
			<AssociationScoreNoRWAP>6.0</AssociationScoreNoRWAP>
			<AssociationTargetAgeScoreRate>2.0</AssociationTargetAgeScoreRate>
			<AssociationTargetAgeScoreMax>10.0</AssociationTargetAgeScoreMax>
			<TVC_Low>0.1</TVC_Low>
			<TVC_High>0.9</TVC_High>
			<HammingDistanceMode3>1</HammingDistanceMode3>
			<HammingDistanceModeS>3</HammingDistanceModeS>
		</TargetAssociationManager>
		<TargetUpdater>
			<NominalPositionError>
				<Point x="6.0" y="6.0" z="75.0"/>
			</NominalPositionError>
			<NominalVelocityError>
				<Point x="3.0" y="3.0" z="2.0"/>
			</NominalVelocityError>
			<NominalAccelerationError>
				<Point x="0.25" y="0.25" z="0.01"/>
			</NominalAccelerationError>
			<IQT_BiasTable>
				<IQT>IQOB_JUNK</IQT>
				<Bias>0.0</Bias>
			</IQT_BiasTable>
			<IQT_BiasTable>
				<IQT>IQOB_DUBIOUS_VAGUE</IQT>
				<Bias>1.0</Bias>
			</IQT_BiasTable>
			<IQT_BiasTable>
				<IQT>IQOB_DUBIOUS_FAIR</IQT>
				<Bias>2.0</Bias>
			</IQT_BiasTable>
			<IQT_BiasTable>
				<IQT>IQOB_DUBIOUS_GOOD</IQT>
				<Bias>3.0</Bias>
			</IQT_BiasTable>
			<IQT_BiasTable>
				<IQT>IQOB_LIKELY_VAGUE</IQT>
				<Bias>4.0</Bias>
			</IQT_BiasTable>
			<IQT_BiasTable>
				<IQT>IQOB_LIKELY_FAIR</IQT>
				<Bias>5.0</Bias>
			</IQT_BiasTable>
			<IQT_BiasTable>
				<IQT>IQOB_LIKELY_GOOD</IQT>
				<Bias>6.0</Bias>
			</IQT_BiasTable>
			<IQT_BiasTable>
				<IQT>IQOB_CONFIDENT_VAGUE</IQT>
				<Bias>7.0</Bias>
			</IQT_BiasTable>
			<IQT_BiasTable>
				<IQT>IQOB_CONFIDENT_FAIR</IQT>
				<Bias>8.0</Bias>
			</IQT_BiasTable>
			<IQT_BiasTable>
				<IQT>IQOB_TRUSTED_FAIR</IQT>
				<Bias>9.0</Bias>
			</IQT_BiasTable>
			<IQT_BiasTable>
				<IQT>IQOB_CONFIDENT_GOOD</IQT>
				<Bias>10.0</Bias>
			</IQT_BiasTable>
			<IQT_BiasTable>
				<IQT>IQOB_CONFIDENT_PRECISE</IQT>
				<Bias>11.0</Bias>
			</IQT_BiasTable>
			<IQT_BiasTable>
				<IQT>IQOB_TRUSTED_GOOD</IQT>
				<Bias>12.0</Bias>
			</IQT_BiasTable>
			<IQT_BiasTable>
				<IQT>IQOB_TRUSTED_PRECISE</IQT>
				<Bias>13.0</Bias>
			</IQT_BiasTable>
			<IQT_BiasTable>
				<IQT>IQOB_TRUTH</IQT>
				<Bias>14.0</Bias>
			</IQT_BiasTable>
			<Algorithm>
				<TargetTypeAlgorithm/>
			</Algorithm>
			<Algorithm>
				<HeadingAlgorithm/>
			</Algorithm>
			<Algorithm>
				<ExtentAlgorithm>
					<TgtBound_Use_SMR_Length>true</TgtBound_Use_SMR_Length>
					<TgtBound_Clamp_SMR_To_ATT>true</TgtBound_Clamp_SMR_To_ATT>
					<TgtBound_Use_Centroid_Bias value="BOTH"/>
					<TgtBound_Enable_Fore_Crossing>true</TgtBound_Enable_Fore_Crossing>
					<TgtBound_Enable_Aft_Static>true</TgtBound_Enable_Aft_Static>
					<TgtBound_Enable_Aft_Crossing>true</TgtBound_Enable_Aft_Crossing>
					<Non_SMR_Timeout_Interval>15.0</Non_SMR_Timeout_Interval>
					<FISEE_Maturity_Count>1</FISEE_Maturity_Count>
					<FISEE_Maturity_Interval>0</FISEE_Maturity_Interval>
					<FISEE_Timeout_Interval>120.0</FISEE_Timeout_Interval>
					<FISEE_Scaling_Factor>1.157</FISEE_Scaling_Factor>
					<FISEE_Offset>-5.0</FISEE_Offset>
					<Default_Target_Radii ATT="Heavy" nom_base="30.0" nom_fore="18.0" nom_aft="42.0" min_base="23.0" max_base="37.0"/>
					<Default_Target_Radii ATT="Medium" nom_base="15.0" nom_fore="9.0" nom_aft="21.0" min_base="10.0" max_base="24.0"/>
					<Default_Target_Radii ATT="Light" nom_base="15.0" nom_fore="9.0" nom_aft="21.0" min_base="10.0" max_base="24.0"/>
					<Default_Target_Radii ATT="UnknownAircraft" nom_base="15.0" nom_fore="9.0" nom_aft="21.0" min_base="10.0" max_base="37.0"/>
					<Default_Target_Radii ATT="Vehicle" nom_base="5.0" nom_fore="5.0" nom_aft="5.0" min_base="1.5" max_base="6.0"/>
					<Default_Target_Radii ATT="Unknown" nom_base="15.0" nom_fore="9.0" nom_aft="21.0" min_base="1.5" max_base="37.0"/>
					<MLAT_Centroid_Bias_Ratios ATT="Heavy" nom="0.2"/>
					<MLAT_Centroid_Bias_Ratios ATT="Medium" nom="0.2"/>
					<MLAT_Centroid_Bias_Ratios ATT="Light" nom="0.2"/>
					<MLAT_Centroid_Bias_Ratios ATT="UnknownAircraft" nom="0.2"/>
					<MLAT_Centroid_Bias_Ratios ATT="Vehicle" nom="0.0"/>
					<MLAT_Centroid_Bias_Ratios ATT="Unknown" nom="0.0"/>
				</ExtentAlgorithm>
			</Algorithm>
			<Algorithm>
				<CurrentRunwaysAlgorithm>
					<MinOnSurfaceVelocityThreshold>-0.5</MinOnSurfaceVelocityThreshold>
					<MaxOnSurfaceVelocityThreshold>40.0</MaxOnSurfaceVelocityThreshold>
					<OnSurfaceVelocityTimeConstant>1.0</OnSurfaceVelocityTimeConstant>
					<OnSurface_Z_PositionOffset>70.0</OnSurface_Z_PositionOffset>
					<OnSurface_Z_PositionToleranceAbove>50.0</OnSurface_Z_PositionToleranceAbove>
					<OnSurface_Z_PositionToleranceBelow>100.0</OnSurface_Z_PositionToleranceBelow>
					<MinHeadingSpeed>2.5</MinHeadingSpeed>
					<HeadingTimeout>900.0</HeadingTimeout>
				</CurrentRunwaysAlgorithm>
			</Algorithm>
			<Algorithm>
				<ProjectionRunwayAlgorithm>
					<ProjectedHeadingThreshold>0.2</ProjectedHeadingThreshold>
					<MinProjectedVelocity>5.0</MinProjectedVelocity>
				</ProjectionRunwayAlgorithm>
			</Algorithm>
			<Algorithm>
				<MovementStateAlgorithm>
					<TouchGoLand_To_DepartureAcceleration>1.700</TouchGoLand_To_DepartureAcceleration>
					<TouchGoTaxi_To_DepartureAcceleration>1.700</TouchGoTaxi_To_DepartureAcceleration>
					<Departure_To_AbortVelocityPeakPercentage>75.0</Departure_To_AbortVelocityPeakPercentage>
					<DepartureAbort_To_TaxiVelocity>27.43</DepartureAbort_To_TaxiVelocity>
					<DepartureAbort_To_DepartureVelocityPeakPercentage>85.0</DepartureAbort_To_DepartureVelocityPeakPercentage>
					<TouchGoLand_To_DepartureVelocity>45.72</TouchGoLand_To_DepartureVelocity>
					<Land_To_RunwayTaxiVelocity>32.004</Land_To_RunwayTaxiVelocity>
					<Stop_To_TaxiVelocity>1.524</Stop_To_TaxiVelocity>
					<TouchGoTaxi_To_DepartureVelocity>30.48</TouchGoTaxi_To_DepartureVelocity>
					<Taxi_To_StopVelocity>0.609599999999999999</Taxi_To_StopVelocity>
					<Taxi_To_DepartureAircraftAcceleration>1.300</Taxi_To_DepartureAircraftAcceleration>
					<Taxi_To_DepartureAircraftVelocity>24.384</Taxi_To_DepartureAircraftVelocity>
					<Taxi_To_DepartureUnknownAcceleration>1.700</Taxi_To_DepartureUnknownAcceleration>
					<Taxi_To_DepartureUnknownVelocity>40.0</Taxi_To_DepartureUnknownVelocity>
					<RecentDepartureClearTimer>150.0</RecentDepartureClearTimer>
					<Unknown_To_ArrivalDownRunwayThreshold>50.0</Unknown_To_ArrivalDownRunwayThreshold>
					<RecentLanderClearTime>60.0</RecentLanderClearTime>
					<TouchGoAround_DeltaTime_Max>10.0</TouchGoAround_DeltaTime_Max>
					<TouchGoAround_NumSamples_Min>5</TouchGoAround_NumSamples_Min>
					<TouchGoAround_FactorCred_Acc_Down>1.0</TouchGoAround_FactorCred_Acc_Down>
					<GoAroundMotionStateEnable>false</GoAroundMotionStateEnable>
					<GoAroundExcludeUnknown>true</GoAroundExcludeUnknown>
					<GoAroundMinVelocity>60.0</GoAroundMinVelocity>
					<MinDwnRwyDistForPotentialGoAround>0.20</MinDwnRwyDistForPotentialGoAround>
					<AccelerationToPotentialGoAround>0.40</AccelerationToPotentialGoAround>
					<RelativeVelocityToPotentialGoAround>0.85</RelativeVelocityToPotentialGoAround>
					<VelocityForPotentialGoAround>60.0</VelocityForPotentialGoAround>
					<MinDwnRwyDistForAltitudeTrend>0.20</MinDwnRwyDistForAltitudeTrend>
					<AltitudeTrendToGoAround>5.0</AltitudeTrendToGoAround>
					<MinDwnRwyDistForAltitudeCheck>0.20</MinDwnRwyDistForAltitudeCheck>
					<AltitudeCheckAGL>100.0</AltitudeCheckAGL>
					<VelocityTrendToGoAround>0.90</VelocityTrendToGoAround>
					<VelocityTrendToLander>-0.90</VelocityTrendToLander>
					<GoAroundToLandVelocity>60.0</GoAroundToLandVelocity>
					<TrustOTGI>false</TrustOTGI>
					<LandingAcceleration>-2.0</LandingAcceleration>
					<GoAroundAccelVel_DeltaTime_Max>6.0</GoAroundAccelVel_DeltaTime_Max>
					<GoAroundAccelVel_NumSamples_Min>5</GoAroundAccelVel_NumSamples_Min>
					<GoAroundAccelVel_CredFactor>1.0</GoAroundAccelVel_CredFactor>
					<GoAroundVelocityTrend_DeltaTime_Max>3.0</GoAroundVelocityTrend_DeltaTime_Max>
					<GoAroundVelocityTrend_NumSamples>4</GoAroundVelocityTrend_NumSamples>
					<GoAroundAltitudeTrend_DeltaTime_Max>4.0</GoAroundAltitudeTrend_DeltaTime_Max>
					<GoAroundAltitudeTrend_NumSamples>4</GoAroundAltitudeTrend_NumSamples>
				</MovementStateAlgorithm>
			</Algorithm>
			<Algorithm>
				<DirectionStateAlgorithm>
					<NormalDirectionThreshold>0.2</NormalDirectionThreshold>
					<OppositeDirectionThreshold>0.2</OppositeDirectionThreshold>
				</DirectionStateAlgorithm>
			</Algorithm>
			<Algorithm>
				<AirborneDepartureAlgorithm>
					<MaxTimeAirborne>50.0</MaxTimeAirborne>
					<MaxTimeLeaving>10.0</MaxTimeLeaving>
					<MaxTimeWatching>300.0</MaxTimeWatching>
				</AirborneDepartureAlgorithm>
			</Algorithm>
			<Algorithm>
				<KinematicStateAlgorithm>
					<State>
						<FusionState Enabled="true"/>
					</State>
					<State>
						<CandidateDepartureState Enabled="true">
							<MinObservations>5</MinObservations>
							<MinTimeDelta>5.0</MinTimeDelta>
							<MaxTimeDelta>12.0</MaxTimeDelta>
							<AccelerationClampMin>1.50</AccelerationClampMin>
							<AccelerationClampMax>5.0</AccelerationClampMax>
							<AllowUnknownCandidates>true</AllowUnknownCandidates>
							<TouchAndGoVelocityDelta>5.0</TouchAndGoVelocityDelta>
							<TouchAndGoTimeWindow>5.0</TouchAndGoTimeWindow>
							<ABD_VelocityDownRunwayStart>45.0</ABD_VelocityDownRunwayStart>
							<ABD_AccelerationDownRunwayStart>0.5</ABD_AccelerationDownRunwayStart>
							<ABD_MaxPosition_Z>300.0</ABD_MaxPosition_Z>
							<ABD_MinNumPointsTrend>5</ABD_MinNumPointsTrend>
							<ABD_TimeDeltaBreak>1.0</ABD_TimeDeltaBreak>
							<ABD_MinAccelerationDrop>-0.91</ABD_MinAccelerationDrop>
							<FitParametersTable>
								<KSE_FitParameters>
									<Label>SWLF_PZ</Label>
									<MinTimeWindow>10.0</MinTimeWindow>
									<MinNumPoints>6</MinNumPoints>
								</KSE_FitParameters>
							</FitParametersTable>
							<FitParametersTable>
								<KSE_FitParameters>
									<Label>SWLF_VD</Label>
									<MinTimeWindow>6.0</MinTimeWindow>
									<MinNumPoints>5</MinNumPoints>
								</KSE_FitParameters>
							</FitParametersTable>
							<VelocityLow>5.0</VelocityLow>
							<VelocityMax>70.0</VelocityMax>
							<AccelerationLow>1.0</AccelerationLow>
							<NominalDampTime>15.0</NominalDampTime>
						</CandidateDepartureState>
					</State>
					<State>
						<ConvergingTaxiwayState Enabled="true">
							<ParametersTable>
								<ConvergeStatus>NEAR</ConvergeStatus>
								<MaxVelocityPath>12.0</MaxVelocityPath>
								<MinAccelerationPath>-5.0</MinAccelerationPath>
								<MaxAccelerationPath>3.0</MaxAccelerationPath>
								<VelocityBack>-2.0</VelocityBack>
								<VelocityLow>2.0</VelocityLow>
								<VelocityHigh>6.0</VelocityHigh>
								<KTurn>1.0</KTurn>
								<NominalDampTime>10.0</NominalDampTime>
								<CrossPathCredibilityFactor>0.5</CrossPathCredibilityFactor>
								<AccelerationLow_dec>-0.5</AccelerationLow_dec>
								<AccelerationLow_inc>0.15</AccelerationLow_inc>
								<KSE_FitParameters>
									<Label>SWLF</Label>
									<MinTimeWindow>8.0</MinTimeWindow>
									<MinNumPoints>7</MinNumPoints>
								</KSE_FitParameters>
							</ParametersTable>
							<ParametersTable>
								<ConvergeStatus>APPROACHING</ConvergeStatus>
								<MaxVelocityPath>12.0</MaxVelocityPath>
								<MinAccelerationPath>-5.0</MinAccelerationPath>
								<MaxAccelerationPath>3.0</MaxAccelerationPath>
								<VelocityBack>-2.0</VelocityBack>
								<VelocityLow>2.0</VelocityLow>
								<VelocityHigh>6.0</VelocityHigh>
								<KTurn>1.0</KTurn>
								<NominalDampTime>10.0</NominalDampTime>
								<CrossPathCredibilityFactor>0.5</CrossPathCredibilityFactor>
								<AccelerationLow_dec>-0.5</AccelerationLow_dec>
								<AccelerationLow_inc>0.15</AccelerationLow_inc>
								<KSE_FitParameters>
									<Label>SWLF</Label>
									<MinTimeWindow>5.0</MinTimeWindow>
									<MinNumPoints>5</MinNumPoints>
								</KSE_FitParameters>
							</ParametersTable>
							<ParametersTable>
								<ConvergeStatus>CROSSING</ConvergeStatus>
								<MaxVelocityPath>12.0</MaxVelocityPath>
								<MinAccelerationPath>-5.0</MinAccelerationPath>
								<MaxAccelerationPath>3.0</MaxAccelerationPath>
								<VelocityBack>-2.0</VelocityBack>
								<VelocityLow>2.0</VelocityLow>
								<VelocityHigh>6.0</VelocityHigh>
								<KTurn>2.0</KTurn>
								<NominalDampTime>10.0</NominalDampTime>
								<CrossPathCredibilityFactor>0.5</CrossPathCredibilityFactor>
								<AccelerationLow_dec>-0.5</AccelerationLow_dec>
								<AccelerationLow_inc>0.15</AccelerationLow_inc>
								<KSE_FitParameters>
									<Label>SWLF</Label>
									<MinTimeWindow>6.0</MinTimeWindow>
									<MinNumPoints>5</MinNumPoints>
								</KSE_FitParameters>
							</ParametersTable>
							<ParametersTable>
								<ConvergeStatus>OCCUPYING</ConvergeStatus>
								<MaxVelocityPath>15.0</MaxVelocityPath>
								<MinAccelerationPath>-5.0</MinAccelerationPath>
								<MaxAccelerationPath>3.0</MaxAccelerationPath>
								<VelocityBack>-2.0</VelocityBack>
								<VelocityLow>2.0</VelocityLow>
								<VelocityHigh>6.0</VelocityHigh>
								<KTurn>1.0</KTurn>
								<NominalDampTime>5.0</NominalDampTime>
								<CrossPathCredibilityFactor>0.5</CrossPathCredibilityFactor>
								<AccelerationLow_dec>-0.5</AccelerationLow_dec>
								<AccelerationLow_inc>0.15</AccelerationLow_inc>
								<KSE_FitParameters>
									<Label>SWLF</Label>
									<MinTimeWindow>6.0</MinTimeWindow>
									<MinNumPoints>5</MinNumPoints>
								</KSE_FitParameters>
							</ParametersTable>
							<ParametersTable>
								<ConvergeStatus>EXITING</ConvergeStatus>
								<MaxVelocityPath>15.0</MaxVelocityPath>
								<MinAccelerationPath>-5.0</MinAccelerationPath>
								<MaxAccelerationPath>3.0</MaxAccelerationPath>
								<VelocityBack>-2.0</VelocityBack>
								<VelocityLow>2.0</VelocityLow>
								<VelocityHigh>6.0</VelocityHigh>
								<KTurn>0.47</KTurn>
								<NominalDampTime>5.0</NominalDampTime>
								<CrossPathCredibilityFactor>0.5</CrossPathCredibilityFactor>
								<AccelerationLow_dec>-0.5</AccelerationLow_dec>
								<AccelerationLow_inc>0.15</AccelerationLow_inc>
								<KSE_FitParameters>
									<Label>SWLF</Label>
									<MinTimeWindow>4.0</MinTimeWindow>
									<MinNumPoints>5</MinNumPoints>
								</KSE_FitParameters>
							</ParametersTable>
							<ParametersTable>
								<ConvergeStatus>CLEAR</ConvergeStatus>
								<MaxVelocityPath>15.0</MaxVelocityPath>
								<MinAccelerationPath>-5.0</MinAccelerationPath>
								<MaxAccelerationPath>3.0</MaxAccelerationPath>
								<VelocityBack>-2.0</VelocityBack>
								<VelocityLow>2.0</VelocityLow>
								<VelocityHigh>6.0</VelocityHigh>
								<KTurn>0.47</KTurn>
								<NominalDampTime>5.0</NominalDampTime>
								<CrossPathCredibilityFactor>0.5</CrossPathCredibilityFactor>
								<AccelerationLow_dec>-0.5</AccelerationLow_dec>
								<AccelerationLow_inc>0.15</AccelerationLow_inc>
								<KSE_FitParameters>
									<Label>SWLF</Label>
									<MinTimeWindow>4.0</MinTimeWindow>
									<MinNumPoints>4</MinNumPoints>
								</KSE_FitParameters>
							</ParametersTable>
							<RunwayStartFraction>0.5</RunwayStartFraction>
							<HoldWatchMinTime>10.0</HoldWatchMinTime>
							<HoldWatchMin_M>3</HoldWatchMin_M>
							<HoldWatchMin_N>4</HoldWatchMin_N>
							<HoldWatchClear_M>3</HoldWatchClear_M>
							<AccessPointSearchOffset>150.0</AccessPointSearchOffset>
							<AccessPointCrossDistanceMax>30.0</AccessPointCrossDistanceMax>
							<AccessPointBearingTol>0.524</AccessPointBearingTol>
						</ConvergingTaxiwayState>
					</State>
					<State>
						<RunwayExitState Enabled="true">
							<MinObservations>5</MinObservations>
							<MinTimeDelta>12</MinTimeDelta>
							<AccelerationClampMin>0.5</AccelerationClampMin>
							<AccelerationClampMax>3.0</AccelerationClampMax>
							<AxialAccelerationScaleFactor>1</AxialAccelerationScaleFactor>
							<NormalAccelerationScaleFactor>1</NormalAccelerationScaleFactor>
							<AxialAccelerationTransitionThreshold>2</AxialAccelerationTransitionThreshold>
							<AxialVelocityTransitionThreshold>30</AxialVelocityTransitionThreshold>
							<TransitionTimeThreshold>5</TransitionTimeThreshold>
						</RunwayExitState>
					</State>
					<State>
						<PreArriverState Enabled="true">
							<MinObservations>4</MinObservations>
							<MinTimeDelta>15</MinTimeDelta>
							<AccelerationClampMin>-0.1</AccelerationClampMin>
							<AccelerationClampMax>0.1</AccelerationClampMax>
							<AxialAccelerationScaleFactor>1</AxialAccelerationScaleFactor>
							<NormalAccelerationScaleFactor>0.1</NormalAccelerationScaleFactor>
							<MinRangeToThreshold>3000.0</MinRangeToThreshold>
						</PreArriverState>
					</State>
				</KinematicStateAlgorithm>
			</Algorithm>
			<Algorithm>
				<ExistenceConfidenceAlgorithm>
					<NewDuration>5.0</NewDuration>
					<NewObservationCount>9</NewObservationCount>
					<TimeWindow>10.0</TimeWindow>
					<NewConfidence>0.1</NewConfidence>
					<StationaryTargetDistanceThreshold>300.0</StationaryTargetDistanceThreshold>
					<SMR_OriginatingStartTimer>0.0</SMR_OriginatingStartTimer>
					<ConfidenceTablePerSensor>
						<Sensor>ASR</Sensor>
						<ProportionalExistenceConfidenceTable>
							<Threshold>0.0</Threshold>
							<ExistenceConfidence>0.0000</ExistenceConfidence>
						</ProportionalExistenceConfidenceTable>
						<ProportionalExistenceConfidenceTable>
							<Threshold>1.0</Threshold>
							<ExistenceConfidence>1.0</ExistenceConfidence>
						</ProportionalExistenceConfidenceTable>
					</ConfidenceTablePerSensor>
					<ConfidenceTablePerSensor>
						<Sensor>SMR</Sensor>
						<ProportionalExistenceConfidenceTable>
							<Threshold>0.0</Threshold>
							<ExistenceConfidence>0.0000</ExistenceConfidence>
						</ProportionalExistenceConfidenceTable>
						<ProportionalExistenceConfidenceTable>
							<Threshold>1.0</Threshold>
							<ExistenceConfidence>1.0</ExistenceConfidence>
						</ProportionalExistenceConfidenceTable>
					</ConfidenceTablePerSensor>
					<ConfidenceTablePerSensor>
						<Sensor>MLAT</Sensor>
						<ProportionalExistenceConfidenceTable>
							<Threshold>0.0</Threshold>
							<ExistenceConfidence>0.0000</ExistenceConfidence>
						</ProportionalExistenceConfidenceTable>
						<ProportionalExistenceConfidenceTable>
							<Threshold>1.0</Threshold>
							<ExistenceConfidence>1.0</ExistenceConfidence>
						</ProportionalExistenceConfidenceTable>
					</ConfidenceTablePerSensor>
					<ConfidenceTablePerSensor>
						<Sensor>ADSB</Sensor>
						<ProportionalExistenceConfidenceTable>
							<Threshold>0.0</Threshold>
							<ExistenceConfidence>0.0000</ExistenceConfidence>
						</ProportionalExistenceConfidenceTable>
						<ProportionalExistenceConfidenceTable>
							<Threshold>1.0</Threshold>
							<ExistenceConfidence>1.0</ExistenceConfidence>
						</ProportionalExistenceConfidenceTable>
					</ConfidenceTablePerSensor>
					<SMR_OriginatingConfidence>
						<OriginatedOnRunway>false</OriginatedOnRunway>
						<Stationary>true</Stationary>
						<ExistenceConfidence>1.0</ExistenceConfidence>
					</SMR_OriginatingConfidence>
					<SMR_OriginatingConfidence>
						<OriginatedOnRunway>true</OriginatedOnRunway>
						<Stationary>false</Stationary>
						<ExistenceConfidence>1.0</ExistenceConfidence>
					</SMR_OriginatingConfidence>
					<SMR_OriginatingConfidence>
						<OriginatedOnRunway>true</OriginatedOnRunway>
						<Stationary>true</Stationary>
						<ExistenceConfidence>0.49</ExistenceConfidence>
					</SMR_OriginatingConfidence>
					<SMR_OriginatingBuffer>50.0</SMR_OriginatingBuffer>
				</ExistenceConfidenceAlgorithm>
			</Algorithm>
			<Algorithm>
				<MotionConfidenceAlgorithm>
					<NewConfidence>0.1</NewConfidence>
					<NewDuration>5.0</NewDuration>
					<NewObservationCount>8</NewObservationCount>
					<TimeWindow>10.0</TimeWindow>
					<SituationErrorTable>
						<Situation>Unknown_Movement</Situation>
						<PositionErrorMax>100.0</PositionErrorMax>
						<VelocityErrorMax>40.0</VelocityErrorMax>
						<Confidence>0.1</Confidence>
					</SituationErrorTable>
					<SituationErrorTable>
						<Situation>Arrival</Situation>
						<PositionErrorMax>100.0</PositionErrorMax>
						<VelocityErrorMax>40.0</VelocityErrorMax>
						<Confidence>0.1</Confidence>
					</SituationErrorTable>
					<SituationErrorTable>
						<Situation>Lander</Situation>
						<PositionErrorMax>50.0</PositionErrorMax>
						<VelocityErrorMax>20.0</VelocityErrorMax>
						<Confidence>0.1</Confidence>
					</SituationErrorTable>
					<SituationErrorTable>
						<Situation>Departure</Situation>
						<PositionErrorMax>50.0</PositionErrorMax>
						<VelocityErrorMax>20.0</VelocityErrorMax>
						<Confidence>0.1</Confidence>
					</SituationErrorTable>
					<SituationErrorTable>
						<Situation>Departure_Abort</Situation>
						<PositionErrorMax>50.0</PositionErrorMax>
						<VelocityErrorMax>20.0</VelocityErrorMax>
						<Confidence>0.1</Confidence>
					</SituationErrorTable>
					<SituationErrorTable>
						<Situation>Runway_Stop</Situation>
						<PositionErrorMax>50.0</PositionErrorMax>
						<VelocityErrorMax>20.0</VelocityErrorMax>
						<Confidence>0.1</Confidence>
					</SituationErrorTable>
					<SituationErrorTable>
						<Situation>Runway_Taxi</Situation>
						<PositionErrorMax>50.0</PositionErrorMax>
						<VelocityErrorMax>20.0</VelocityErrorMax>
						<Confidence>0.1</Confidence>
					</SituationErrorTable>
					<SituationErrorTable>
						<Situation>Taxiway_Stop</Situation>
						<PositionErrorMax>50.0</PositionErrorMax>
						<VelocityErrorMax>20.0</VelocityErrorMax>
						<Confidence>0.1</Confidence>
					</SituationErrorTable>
					<SituationErrorTable>
						<Situation>Taxiway_Taxi</Situation>
						<PositionErrorMax>50.0</PositionErrorMax>
						<VelocityErrorMax>20.0</VelocityErrorMax>
						<Confidence>0.1</Confidence></SituationErrorTable>
					<SituationErrorTable>
						<Situation>Go_Around</Situation>
						<PositionErrorMax>50.0</PositionErrorMax>
						<VelocityErrorMax>20.0</VelocityErrorMax>
						<Confidence>0.1</Confidence>
					</SituationErrorTable>
				</MotionConfidenceAlgorithm>
			</Algorithm>
			<Algorithm>
				<PropagatorAlgorithm>
					<ProportionalAcceleration>
						<AxialPosition>-100.0</AxialPosition>
						<Acceleration>0.00</Acceleration>
					</ProportionalAcceleration>
					<ProportionalAcceleration>
						<AxialPosition>-20.0</AxialPosition>
						<Acceleration>-0.02</Acceleration>
					</ProportionalAcceleration>
					<ProportionalAcceleration>
						<AxialPosition>50.0</AxialPosition>
						<Acceleration>-0.07</Acceleration>
					</ProportionalAcceleration>
					<ProportionalAcceleration>
						<AxialPosition>150.0</AxialPosition>
						<Acceleration>-0.04</Acceleration>
					</ProportionalAcceleration>
					<MaxDistanceForPropagation>10000</MaxDistanceForPropagation>
					<MinSpeedForPropagation>0.5</MinSpeedForPropagation>
					<MinNumObservationsForPropagation>3</MinNumObservationsForPropagation>
					<MaxPropagationTHOR>60</MaxPropagationTHOR>
					<MaxNumberOfBasicProjections>3</MaxNumberOfBasicProjections>
					<BasicProjectionDuration>10</BasicProjectionDuration>
					<NominalSurfaceHeight>60.96</NominalSurfaceHeight>
					<DampNominalAccelerationTime>10.0</DampNominalAccelerationTime>
					<DampNominalAcceleration_XY>2.0</DampNominalAcceleration_XY>
					<DampNominalAcceleration_Z>1.0</DampNominalAcceleration_Z>
					<MaxNumberOfDampProjections>5</MaxNumberOfDampProjections>
					<DampProjectionDuration>5</DampProjectionDuration>
					<MaxNumberOfFullProjections>12</MaxNumberOfFullProjections>
					<FullProjectionDuration>5</FullProjectionDuration>
					<MaxFullDistanceForArrival>60000</MaxFullDistanceForArrival>
					<MinFullSpeedFast>20</MinFullSpeedFast>
					<MinFullSpeedSlow>10</MinFullSpeedSlow>
					<NominalGlideSlope>0.05</NominalGlideSlope>
					<ArrivalModelTransitionThreshold>-100.0</ArrivalModelTransitionThreshold>
					<NominalRollOutVelocity>15.0</NominalRollOutVelocity>
					<NominalRollOutTolerance>0.5</NominalRollOutTolerance>
					<MinAgeForPropagation>5.0</MinAgeForPropagation>
					<FullArrivalDownRunwayThreshold>10.0</FullArrivalDownRunwayThreshold>
				</PropagatorAlgorithm>
			</Algorithm>
			<Algorithm>
				<MilitaryTypeAlgorithm>
					<Enabled>false</Enabled>
					<MilitaryACTypeList>
						<MilitaryACType>MIL</MilitaryACType>
						<MilitaryACType>F15</MilitaryACType>
						<MilitaryACType>F16</MilitaryACType>
						<MilitaryACType>F18</MilitaryACType>
					</MilitaryACTypeList>
					<MinLookAhead>0.0</MinLookAhead>
					<MaxLookAhead>1800.0</MaxLookAhead>
				</MilitaryTypeAlgorithm>
			</Algorithm>
		</TargetUpdater>
	</TargetManager>
	<SafetyDirector>
		<SubjectFilter>
			<SimpleSubjectFilter>
				<MinTargetExistenceConfidence>0.5</MinTargetExistenceConfidence>
				<MinTargetMotionConfidence>0.0</MinTargetMotionConfidence>
				<MinTargetValidityConfidence>0.11</MinTargetValidityConfidence>
			</SimpleSubjectFilter>
		</SubjectFilter>
		<ObjectFilter id="0">
			<SimpleObjectFilter>
				<MinTargetExistenceConfidence>0.5</MinTargetExistenceConfidence>
				<MinTargetMotionConfidence>0.0</MinTargetMotionConfidence>
				<MinTargetValidityConfidence>0.11</MinTargetValidityConfidence>
			</SimpleObjectFilter>
		</ObjectFilter>
		<ObjectFilter id="1">
			<SimpleObjectFilter>
				<MinTargetExistenceConfidence>0.5</MinTargetExistenceConfidence>
				<MinTargetMotionConfidence>0.0</MinTargetMotionConfidence>
				<MinTargetValidityConfidence>0.11</MinTargetValidityConfidence>
			</SimpleObjectFilter>
		</ObjectFilter>
		<ObjectSensor id="0" objectFilterId="0">
			<SpatialObjectSensor/>
		</ObjectSensor>
		<ObjectSensor id="1" objectFilterId="0">
			<SurfaceObjectSensor/>
		</ObjectSensor>
		<ObjectSensor id="2" objectFilterId="1">
			<IntersectionPointObjectSensor>
				<SubjectDownRunwayDistanceBuffer>-100.0</SubjectDownRunwayDistanceBuffer>
				<ObjectDownRunwayDistanceBuffer>-100.0</ObjectDownRunwayDistanceBuffer>
			</IntersectionPointObjectSensor>
		</ObjectSensor>
		<ObjectSensor id="3" objectFilterId="1">
			<ConvergingTaxiObjectSensor/>
		</ObjectSensor>
		<EncounterSensor id="0">
			<SingleTargetEncounterSensor>
				<MaxArrivalOnClosedSpeed>70</MaxArrivalOnClosedSpeed>
				<GoAroundClosedSurfaceAlerts>false</GoAroundClosedSurfaceAlerts>
			</SingleTargetEncounterSensor>
		</EncounterSensor>
		<EncounterSensor id="1" objectSensorId="1">
			<CurrentEncounterSensor>
				<PositionPropagationThreshold>1.1</PositionPropagationThreshold>
			</CurrentEncounterSensor>
		</EncounterSensor>
		<EncounterSensor id="2" objectSensorId="0">
			<PredictedEncounterSensor>
				<FineProjectionInterval>1.0</FineProjectionInterval>
			</PredictedEncounterSensor>
		</EncounterSensor>
		<EncounterSensor id="3" objectSensorId="3">
			<ConvergingTaxiSensor>
				<TimeToEnterIntersectionBias>7.0</TimeToEnterIntersectionBias>
				<TimeToExitIntersectionBias>7.0</TimeToExitIntersectionBias>
			</ConvergingTaxiSensor>
		</EncounterSensor>
		<EncounterSensor id="4" objectSensorId="2">
			<IntersectingRunwaySensor>
				<SubjectMinVelocity>5.0</SubjectMinVelocity>
				<FineProjectionInterval>1.0</FineProjectionInterval>
			</IntersectingRunwaySensor>
		</EncounterSensor>
	</SafetyDirector>
	<AlertFilteringPipeline>
		<NextNode id="1"/>
		<Node id="1">
			<SubjectOnClosedAlertFilter Enabled="true">
				<FilterUnknownDepartureAlerts>true</FilterUnknownDepartureAlerts>
				<FilterUnknownLanderAlerts>true</FilterUnknownLanderAlerts>
				<FilterUnknownDualTargetAlerts>true</FilterUnknownDualTargetAlerts>
				<FilterUnknownGoAroundAlerts>false</FilterUnknownGoAroundAlerts>
			</SubjectOnClosedAlertFilter>
			<NextNode id="2"/>
		</Node>
		<Node id="2">
			<RegionSuppressionFilter Enabled="true"/>
			<NextNode id="3"/>
		</Node>
		<Node id="3">
			<EncounterFilter Enabled="true">
				<EncounterScreen>
					<NonExistentTargetScreen Enabled="true"/>
				</EncounterScreen>
				<EncounterScreen>
					<TargetGroupScreen Enabled="true"/>
				</EncounterScreen>
				<EncounterScreen>
					<TargetNotOfInterestScreen Enabled="true"/>
				</EncounterScreen>
				<EncounterScreen>
					<TaxiInFrontOfArriverScreen Enabled="true">
						<MinTargetMotionConfidence>0.0</MinTargetMotionConfidence>
						<CSEP_Suppression>true</CSEP_Suppression>
						<TIF_VelMagLow>3.0</TIF_VelMagLow>
						<Filter_Departure>true</Filter_Departure>
						<Filter_CTOcc>true</Filter_CTOcc>
						<MinReactionTime>7.0</MinReactionTime>
					</TaxiInFrontOfArriverScreen>
				</EncounterScreen>
				<EncounterScreen>
					<RunwayExitScreen Enabled="true">
						<MinExitTaxiTMCSubject>0.0</MinExitTaxiTMCSubject>
						<MinExitTaxiTMCObject>0.0</MinExitTaxiTMCObject>
						<MinExitSpeed>1.5</MinExitSpeed>
						<MaxExitSpeed>31.0</MaxExitSpeed>
						<MaxVDrwyExitHS>28.0</MaxVDrwyExitHS>
						<MaxVDrwyExitNorm>18.0</MaxVDrwyExitNorm>
						<MinReactionTime>8.5</MinReactionTime>
						<CSEP_Suppression>true</CSEP_Suppression>
						<DRwyHeading>0.087266</DRwyHeading>
						<TurnRate>0.393</TurnRate>
						<AccessPointCrossDistanceMax>30.0</AccessPointCrossDistanceMax>
					</RunwayExitScreen>
				</EncounterScreen>
				<EncounterScreen>
					<LahsoScreen Enabled="true">
						<SubjectMinVelocity>5.0</SubjectMinVelocity>
					</LahsoScreen>
				</EncounterScreen>
				<EncounterScreen>
					<CloseTargetsScreen Enabled="true">
						<MinCloseTargetsDistance>150.0</MinCloseTargetsDistance>
					</CloseTargetsScreen>
				</EncounterScreen>
				<EncounterScreen>
					<AirborneDepartureScreen Enabled="true">
						<MinAirborneAltitude>10.0</MinAirborneAltitude>
						<MinSafeAltitude>-100000.0</MinSafeAltitude>
						<MinClimbRate>-1000.0</MinClimbRate>
					</AirborneDepartureScreen>
				</EncounterScreen>
				<EncounterScreen>
					<TEC_UpdateScreen Enabled="true">
						<MinSubjectTEC>0.5</MinSubjectTEC>
						<MinObjectTEC>0.5</MinObjectTEC>
					</TEC_UpdateScreen>
				</EncounterScreen>
				<EncounterScreen>
					<MilitaryFormationScreen Enabled="false">
						<FilterPotentialMilitary>true</FilterPotentialMilitary>
						<ObjectCanBeLander>true</ObjectCanBeLander>
						<ObjectCanBeTaxi>true</ObjectCanBeTaxi>
						<ObjectCanBeStopped>false</ObjectCanBeStopped>
						<ObjectCanBeDeparture>true</ObjectCanBeDeparture>
						<ObjectCanBeGoAround>false</ObjectCanBeGoAround>
					</MilitaryFormationScreen>
				</EncounterScreen>
			</EncounterFilter>
			<NextNode id="4"/>
		</Node>
		<Node id="4">
			<AlertPriorityFilter Enabled="true">
				<FilterRule type="EncounterToAlert" primary="EncounterDetector=Intersecting_Runways_Detector" secondary="EncounterDetector=Dual_Target_Detector"/>
				<FilterRule type="EncounterToAlert" primary="EncounterDetector=Converging_Taxi_Detector" secondary="EncounterDetector=Dual_Target_Detector"/>
				<FilterRule type="AlertToAlert" primary="AlertSeverity=WARNING" secondary="AlertSeverity=CAUTION"/>
				<FilterRule type="AlertToAlert" primary="AlertType=CSEP" secondary="AlertType=PSEP"/>
			</AlertPriorityFilter>
			<NextNode id="5"/>
		</Node>
		<Node id="5">
			<LostSensorFilter Enabled="true">
				<Timer>0.0</Timer>
			</LostSensorFilter>
			<NextNode id="6"/>
		</Node>
		<Node id="6"><OutOfCoverageFilter Enabled="true">
				<DisplayOverride>
					<SituationId>840</SituationId>
                                        <SituationId>841</SituationId>
				</DisplayOverride>
			</OutOfCoverageFilter>
			<NextNode id="7"/>
		</Node>
		<Node id="7">
			<AlertHysteresisFilter Enabled="true">
				<Transition Enabled="true">
					<CountedSeverity>CAUTION</CountedSeverity>
					<CountedSeverity>WARNING</CountedSeverity>
					<Order>1</Order>
					<CurrentSeverity>NO_ALERT</CurrentSeverity>
					<TargetSeverity>CAUTION</TargetSeverity>
					<M>3</M>
					<N>7</N>
				</Transition>
				<Transition Enabled="true">
					<CountedSeverity>WARNING</CountedSeverity>
					<Order>0</Order>
					<CurrentSeverity>NO_ALERT</CurrentSeverity>
					<TargetSeverity>WARNING</TargetSeverity>
					<M>2</M>
					<N>7</N>
				</Transition>
				<Transition Enabled="true">
					<CountedSeverity>NO_ALERT</CountedSeverity>
					<Order>1</Order>
					<CurrentSeverity>CAUTION</CurrentSeverity>
					<TargetSeverity>NO_ALERT</TargetSeverity>
					<M>5</M>
					<N>6</N>
				</Transition>
				<Transition Enabled="true">
					<CountedSeverity>WARNING</CountedSeverity>
					<Order>0</Order>
					<CurrentSeverity>CAUTION</CurrentSeverity>
					<TargetSeverity>WARNING</TargetSeverity>
					<M>1</M>
					<N>1</N>
				</Transition>
				<Transition Enabled="true">
					<CountedSeverity>NO_ALERT</CountedSeverity>
					<Order>0</Order>
					<CurrentSeverity>WARNING</CurrentSeverity>
					<TargetSeverity>NO_ALERT</TargetSeverity>
					<M>4</M>
					<N>4</N>
				</Transition>
				<Transition Enabled="false">
					<CountedSeverity>CAUTION</CountedSeverity>
					<CountedSeverity>NO_ALERT</CountedSeverity>
					<Order>1</Order>
					<CurrentSeverity>WARNING</CurrentSeverity>
					<TargetSeverity>CAUTION</TargetSeverity>
					<M>5</M>
					<N>5</N>
				</Transition>
			</AlertHysteresisFilter>
			<NextNode id="8"/>
		</Node>
		<Node id="8">
			<ClearedAlertFilter Enabled="true"/>
			<NextNode id="9"/>
		</Node>
		<Node id="9">
			<DisplayedAlertFilter Enabled="true"/>
			<NextNode id="10"/>
			<NextNode id="11"/>
		</Node>
		<Node id="10">
			<AlertModificationFilter Enabled="true"/>
			<AlertFilteringSink sink="LOG_FILE"/>
		</Node>
		<Node id="11">
			<AlertOrderingFilter Enabled="true"/>
			<AlertFilteringSink sink="TNF_PROBES"/>
			<AlertFilteringSink sink="NETWORK"/>
		</Node>
	</AlertFilteringPipeline>
	<HoldBarManager>
		<ArriverTrip>1852.0</ArriverTrip>
		<HoldBarEnable>true</HoldBarEnable>
		<TripBuffer>-150.0</TripBuffer>
		<HoldBarMaxGndHt>60.96</HoldBarMaxGndHt>
		<UnknownActivateHoldBar>true</UnknownActivateHoldBar>
		<DisplayHoldBarOnClosedRunways>false</DisplayHoldBarOnClosedRunways>
	</HoldBarManager>
</SafetyLogicParameters>